UID,sloka,sandhi,morph_analysis,anvaya,
sloka1,"कश्चित् कान्ताविरहगुरुणा स्वाधिकारात्प्रमत्तः
शापेनास्तंगमितमहिमा वर्षभोग्येण भर्तुः ।
यक्षश्चक्रे जनकतनयास्नानपुण्योदकेषु
स्निग्धच्छायातरुषु वसतिं रामगिर्याश्रमेषु ॥ १॥","कश्चित् कान्ताविरहगुरुणा स्वाधिकारात्+प्रमत्तः
शापेन+अस्तंगमितमहिमा वर्षभोग्येण भर्तुः ।
यक्षः+चक्रे जनकतनयास्नानपुण्योदकेषु
स्निग्धच्छायातरुषु वसतिं रामगिर्याश्रमेषु ॥ १॥","कश्चित् = ---- कान्ता= कम्1 स्त्री क्त कमुँ भ्वादिः-  कान्ता स्त्री 1 एक-  कम्1 क्त कमुँ भ्वादिः -कान्ता ना स्त्री 1 एक
विरह=विरह पुं 8 एक
 गुरुणा = गुरु पुं 3 एक- गुरु नपुं 3 एक  - स्व=स्व पुं 8 एक- स्व नपुं 8 एक    अधिकारात्=अधि कार पुं 5 एक-अधिकार पुं 5 एक-अधि_कृ3 घञ् डुकृञ् तनादिः-अधिकार ना पुं 5 एक-अधि_कृ2 घञ् कृञ् स्वादिः- अधिकार ना पुं 5 एक       प्रमत्तः= प्रमत्त पुं 1 एक शापेन=शाप पुं 3 एक-अस्तं =
अस्त पुं 2 एक        अस्3 क्त असुँ दिवादिः अस्त ना पुं 2 एक        अस्3 क्त असुँ दिवादिः अस्त ना नपुं 1 एक        अस्3 क्त असुँ दिवादिः अस्त ना नपुं 2 एक  गमित= -------- महिमा=---------  वर्ष=वर्ष पुं 8 एक        वर्ष नपुं 8 एक        वृष् कर्तरि लोट् म एक परस्मैपदी भ्वादिः        वि_ऋष् कर्तरि लोट् म एक परस्मैपदी ऋषीँ तुदादिः     भोग्येण=------------- भर्तुः=भर्तृ पुं 5 एक        भर्तृ पुं 6 एक        भृ1 तृच् भृञ् भ्वादिः भर्तृ ना पुं 5 एक        भृ1 तृच् भृञ् भ्वादिः भर्तृ ना पुं 6 एक        भृ1 तृच् भृञ् भ्वादिः भर्तृ ना नपुं 5 एक        भृ1 तृच् भृञ् भ्वादिः भर्तृ ना नपुं 6 एकयक्षः=यक्ष पुं 1 एक     चक्रे = कृ कर्तरि लिट् प्र एक आत्मनेपदी स्वादिः- कृ कर्तरि लिट् उ एक आत्मनेपदी स्वादिः- कृ कर्मणि लिट् प्र एक आत्मनेपदी स्वादिः- कृ कर्मणि लिट् उ एक आत्मनेपदी स्वादिः -कृ कर्तरि लिट् प्र एक आत्मनेपदी तनादिः- कृ कर्तरि लिट् उ एक आत्मनेपदी तनादिः
कृ कर्मणि लिट् प्र एक आत्मनेपदी तनादिः -कृ कर्मणि लिट् उ एक आत्मनेपदी तनादिः- चक्र पुं 7 एक- चक्र नपुं 1 द्वि        चक्र नपुं 2 द्वि  - चक्र नपुं 7 एक
चक्र नपुं 8 द्वि- चक्रा स्त्री 1 द्वि- चक्रा स्त्री 2 द्वि     जनकतनया=जनकतनया स्त्री 1 एक    स्नान=
ष्ना1 नपुं ल्युट् ष्ना अदादिः        ष्ना1 ल्युट् ष्ना अदादिः स्नान ना नपुं 8 एक    पुण्य=पुण्य पुं 8 एक        पुण्य नपुं 8 एक     उदकेषु =उदक नपुं 7 बहु
 स्निग्धछाया=---------- तरुषु =तरु पुं 7 बहु        तरु नपुं 7 बहु    वसतिं =---------रामगिरि =-----------------आश्रमेषु=आश्रम पुं 7 बहु-        आश्रम नपुं 7 बहु

",स्वाधिकारात् प्रमत्तः कान्ताविरहगुरुणा वर्षभोग्येण भर्तुः शापेन अस्तंगमितमहिमा कश्चित् यक्षः जनकतनयास्नानपुण्योदकेषु स्निग्धच्छायातरुषु रामगिर्याश्रमेषु वसतिं चक्रे।,"A year from amorousness: it passes slowly.
So thought a Yaksha by his master sent,
for scanting duty, to the Rámagiry:
to mope in penance groves as banishment
by rivers Sítá's bathing there made holy."
sloka2,"तस्मिन्नद्रौ कतिचिदबलाविप्रयुक्तः स कामी
नीत्वा मासान् कनकवलयभ्रंशरिक्तप्रकोष्ठः ।
आषाढस्य प्रथमदिवसे मेघमाश्लिष्टसानुं
वप्रक्रीडापरिणतगजप्रेक्षणीयं ददर्श ॥ २॥","तस्मिन्+अद्रौ  कतिचित्+अबलाविप्रयुक्तः स कामी
नीत्वा मासान् कनकवलयभ्रंशरिक्तप्रकोष्ठः ।
आषाढस्य प्रथमदिवसे मेघम्+आश्लिष्टसानुम्
वप्रक्रीडापरिणतगजप्रेक्षणीयं ददर्श ॥ २॥","तस्मिन्=तद् सर्व पुं 7 एक        तद् सर्व नपुं 7 एक अद्रौ=
अद्रि पुं 7 एक कतिचित्=
कतिचित् अव्य्        कतिचित् सर्व अ 1 बहु        कतिचित् सर्व अ 2 बहु अबला =अबला स्त्री 1 एक विप्रयुक्तः=विप्रयुक्त पुं 1 एक सः=तद् सर्व पुं 1 एक कामी=कामि स्त्री 1 द्वि        कामि स्त्री 2 द्वि        कामिन् पुं 1 एक
नीत्वा= णी1 अव्य् क्त्वा णीञ् भ्वादिः मासान्=मास पुं 2 बहु कनक=कनक पुं 8 एक        कनक नपुं 8 एक   वलय= 
वलय पुं 8 एक	वलय नपुं 8 एक भ्रंश=भ्रन्श्1 पुं घञ् भ्रन्शुँ भ्वादिः	भ्रन्श्2 पुं घञ् भ्रन्शुँ दिवादिः	भ्रंश पुं 8 एक	भ्रन्श्1 घञ् भ्रन्शुँ भ्वादिः भ्रंश ना पुं 8 एक	भ्रन्श्2 घञ् भ्रन्शुँ दिवादिः भ्रंश ना पुं 8 एक   रिक्त=
रिच्1 पुं क्त रिचिँर् रुधादिः	रिच्1 नपुं क्त रिचिँर् रुधादिः	रिच्1 क्त रिचिँर् रुधादिः रिक्त ना पुं 8 एक	रिच्1 क्त रिचिँर् रुधादिः रिक्त ना नपुं 8 एक प्रकोष्ठः=प्रकोष्ठ पुं 1 एक
आषाढस्य=आषाढ पुं 6 एक	आषाढ नपुं 6 एक प्रथमदिवसे=प्रथमदिवस पुं 7 एक मेघम्=
मेघ पुं 2 एक	मेघ नपुं 1 एक	मेघ नपुं 2 एक आश्लिष्ट=....सानुम्=सानु पुं 2 एक
वप्रक्रीडा=वप्रक्रीडा स्त्री 1 ए परिणत= परिणत पुं 8 एक	परिणत नपुं 8 एक   गज=
गज पुं 8 एक गज् कर्तरि लोट् म एक परस्मैपदी भ्वादिः    प्रेक्षणीयं=प्र_ईक्ष्1 अनीयर् ईक्षँ भ्वादिः प्रेक्षणीय ना पुं 2 एक	प्र_ईक्ष्1 अनीयर् ईक्षँ भ्वादिः प्रेक्षणीय ना नपुं 1 एक	प्र_ईक्ष्1 अनीयर् ईक्षँ भ्वादिः प्रेक्षणीय ना नपुं 2 एक ददर्श= दृश् कर्तरि लिट् प्र एक परस्मैपदी भ्वादिः	दृश् कर्तरि लिट् उ एक परस्मैपदी भ्वादिः",तस्मिन् अद्रौ अबलाविप्रयुक्तः कामी सः कतिचित् मासान् नीत्वा आषाढस्य प्रथमदिवसे आश्लिष्टसानुं   वप्रक्रीडापरिणतागजप्रेक्षणीयं मेघं ददर्श।                                        ,
sloka3,"तस्य स्थित्वा कथमपि पुरः कौतुकाधानहेतोः
अन्तर्बाष्पश्चिरमनुचरो राजराजस्य दध्यौ ।
मेघालोके भवति सुखिनोऽप्यन्यथावृत्ति चेतः कण्ठाश्लेषप्रणयिनि जने किं पुनर्दूरसंस्थे ॥ ३॥","तस्य स्थित्वा कथम्+अपि पुरः कौतुकाधानहेतोः
अन्तर्बाष्पः+चिरम्+अनुचरः राजराजस्य दध्यौ ।
मेघालोके भवति सुखिनः+अपि+अन्यथावृत्ति चेतः कण्ठाश्लेषप्रणयिनि जने किं पुनः+दूरसंस्थे ॥ ३॥","तस्य=स्थित्वा =कथम्=अपि =पुरः =कौतुकाधानहेतोः
अन्तर्बाष्पः=चिरम्=अनुचरः =राजराजस्य= दध्यौ= ।
मेघालोके= भवति =सुखिनः=अपि=अन्यथावृत्ति= चेतः= कण्ठाश्लेषप्रणयिनि= जने =किं= पुनः=दूरसंस्थे",राजराजस्य अनुचरः कौतुकाधानहेतोः तस्य पुरः कथम् अपि स्थित्वा  चिरं दध्यौ मेघालोके सुखिनः अपि अन्यथावृत्तिः भवति  कण्डाश्लेषप्रणयिनि जने दूरसंस्थे किं पुनः ?                                                                     ,
sloka4,"प्रत्यासन्ने नभसि दयिताजीवितालम्बनार्थीजीमूतेन स्वकुशलमयीं हारयिष्यन् प्रवृत्तिम् ।
स प्रत्यग्रैः कुटजकुसुमैः कल्पितार्घाय तस्मै
प्रीतः प्रीतिप्रमुखवचनं स्वागतं व्याजहार ॥ ४॥","प्रत्यासन्ने नभसि दयिताजीवितालम्बनार्थी जीमूतेन स्वकुशलमयीम् हारयिष्यन् प्रवृत्तिम् ।
स प्रत्यग्रैः कुटजकुसुमैः कल्पितार्घाय तस्मै
प्रीतः प्रीतिप्रमुखवचनम् स्वागतम् व्याजहार ॥ ४॥",,नभसि प्रत्यासन्ने  दयिताजीवितलम्बनार्थी जीमूतेन स्वकुशलमयीं प्रवृत्तिं  हारयिष्यन् सः प्रत्यग्रैः कुटजकुसुमैः कल्पितार्घाय तस्मै प्रीतिप्रमुखवचनं प्रीतः स्वागतं व्याजहार।                                                                                                 ,
sloka5,"धूमज्योतिः सलिलमरुतां संनिपातः क्व मेघः
संदेशार्थाः क्व पटुकरणैः प्राणिभिः प्रापणीयाः ।
इत्यौत्सुक्यादपरिगणयन् गुह्यकस्तं ययाचे
कामार्ता हि प्रकृतिकृपणाश्चेतनाचेतनेषु ॥ ५॥","धूमज्योतिः सलिलमरुतां संनिपातः क्व मेघः
संदेशार्थाः क्व पटुकरणैः प्राणिभिः प्रापणीयाः ।
इति+औत्सुक्यात्+अपरिगणयन् गुह्यकः+तं ययाचे
कामार्ता हि प्रकृतिकृपणाः चेतनाचेतनेषु ॥ ५॥",,धूमज्योतिसलिलमरुतां सन्निपातः मेघः क्व  पटुकरणैः प्राणिभिः प्रापणीयाः सन्देशार्थाः क्व इति औत्सुक्यात् अपरिगणयन् गुह्यकः तं ययाचे  हि कामार्ताः चेतनाचेतनेषु   प्रक्रुतिकृपणाः भवन्ति।                                                                                                                                                                                                                           ,
sloka6,"जातं वंशे भुवनविदिते पुष्करावर्तकानां
जानामि त्वां प्रकृतिपुरुषं कामरूपं मघोनः ।
तेनार्थित्वं त्वयि विधिवशाद्दूरबन्धुर्गतोऽहं
याच्ञामोघा वरमधिगुणे नाधमे लब्धकामा ॥ ६॥","जातं वंशे भुवनविदिते पुष्करावर्तकानां
जानामि त्वां प्रकृतिपुरुषं कामरूपं मघोनः ।
तेन+अर्थित्वम् त्वयि विधिवशात्+दूरबन्धुः+गतः+अहं
याच्ञा मोघा वरम्+अधिगुणे न+अधमे लब्धकामा ॥ ६॥",,भुवनविदिते पुष्करावर्तकानां  वंशे जातं  कामरूपं मघोनः प्रकृतिपुरुषं त्वां जानामि  तेन दूरबन्धुः अहं त्वयि अर्थित्वं गतः अधिगुणे याच्ञा मोघा अधमे  लब्धकामा न वरम्।                                                                                                                                                                                                                                                                                                                                                                                      ,
sloka7,"संतप्तानां त्वमसि शरणं तत्पयोद  प्रियायाः
संदेशं मे हर धनपतिक्रोधविश्लेषितस्य ।
गन्तव्या ते वसतिरलका नाम यक्षेश्वराणां
बाह्योद्यानस्थितहरशिरश्चन्द्रिकाधौतहर्म्या ७॥","संतप्तानां त्वम्+असि शरणं  तत्+पयोद  प्रियायाः
संदेशं मे हर धनपतिक्रोधविश्लेषितस्य ।
गन्तव्या ते वसतिः+अलका नाम यक्षेश्वराणाम्
बाह्योद्यानस्थितहरशिरश्चन्द्रिकाधौतहर्म्या ७॥",,पयोद त्वं संतप्तानां शरणं असि तत् धनपतिक्रोधविश्लेषितस्य  मे सन्देशं हर।बाह्योद्यानस्थितहरशिरश्चन्द्रिकाधौतहर्म्या अलका नाम यक्षेश्वराणां  वसतिः ते गन्तव्या।                                                                                                                                                                                                                                                                                                                                                                                                                                                         ,
sloka8,"त्वामारूढं पवनपदवीमुद्गृहीतालकान्ताः
प्रेक्षिष्यन्ते पथिकवनिताः प्रत्ययादाश्वसन्त्यः ।
कः सन्नद्धे विरहविधुरां त्वय्युपेक्षेत जायां
न स्यादन्योऽप्यहमिव जनो यः पराधीनवृत्तिः ॥ ८॥","त्वाम्+आरूढं पवनपदवीम्+उद्गृहीतालकान्ताः
प्रेक्षिष्यन्ते पथिकवनिताः प्रत्ययाद्+आश्वसन्त्यः ।
कः सन्नद्धे विरहविधुराम् त्वयि+उपेक्षेत जायां
न स्यात्+अन्यः+अपि+अहम्+इव जनः यः पराधीनवृत्तिः॥ ८॥",,पवनपदवीम् आरूढं त्वां पथिकवनिताः प्रत्ययात् आश्वसन्त्यः  उद्ग्रुहीतालकान्ताः  प्रेक्षिष्यन्ते त्वयि सन्नद्धे विरहविधुराम् जायां कः उपेक्षेत अन्यः अपि यः जनः अहम्  इव पराधीनवृत्तिः न स्यात्।,
sloka9,"मन्दं मन्दं नुदति पवनश्चानुकूलो यथा त्वां
वामश्चायं नदति मधुरं चातकस्ते सगन्धः ।
गर्भाधानक्षणपरिचयान्नूनमाबद्धमालाः
सेविष्यन्ते नयनसुभगं खे भवन्तं बलाकाः ॥ ९॥","मन्दं मन्दं नुदति पवनः+च+अनुकूलः यथा त्वां
वामः+च+अयम् नदति मधुरं चातकः+ते सगन्धः ।
गर्भाधानक्षणपरिचयात्+नूनम्+आबद्धमालाः
सेविष्यन्ते नयनसुभगं खे भवन्तं बलाकाः  ॥ ९॥",,यथा च अनुकूलः पवनः त्वां मन्दं मन्दं नुदति अयं च सगन्धः ते वामः चातकः मधुरं नदति गर्भाधानक्षणपरिचयात् आबद्धमालाः नयनसुभगं भवन्तं खे नूनं सेविष्यन्ते।                                                                                                                                                                                                                                                                                                                                                                                                                                              ,
sloka10,"तां चाऽवश्यं दिवसगणनातत्परामेकपत्नीम्
अव्यापन्नामविहतगतिर्द्रक्ष्यसि भ्रातृजायाम् ।
आशाबन्धः कुसुमसदृशः प्रायशो ह्यङ्गनानां
सद्यःपाति प्रणयि हृदयं विप्रयोगे रुणद्धि ॥ १०॥","तां च+अवश्यं दिवसगणनातत्पराम्+एकपत्नीम्
अव्यापन्नाम्+अविहतगतिः+द्रक्ष्यसि भ्रातृजायाम् ।
आशाबन्धः कुसुमसदृशः प्रायशः हि+अङ्गनानां
सद्यःपाति प्रणयि हृदयम् विप्रयोगे रुणद्धि ॥ १०॥",,दिवसगणनातत्पराम् अव्यापन्नाम् एकपत्नीं भ्रातृजायां ताम् अविहतगतिः अवश्यं द्रक्ष्यसि हि कुसुमसदृशः आशाबन्धः प्रणयि विप्रयोगे सद्यःपाति  अङ्गनानां हृदयं प्रायशः रुणद्धि।                                                                                                                                                                                                                                                                                                                                                                                                                                      ,
sloka11,"कर्तुं यच्च प्रभवति महीमुच्छिलीन्ध्रामवन्ध्यां
तच्छ्रुत्वा ते श्रवणसुभगं गर्जितं मानसोत्काः ।
आ कैलासाद्बिसकिसलयच्छेदपाथेयवन्तः सम्पत्स्यन्ते नभसि भवतो राजहंसाः सहायाः ॥ ११॥","कर्तुं  यत्+च प्रभवति महीम्+उच्छिलीन्ध्राम्+अवन्ध्यां 
तत्+श्रुत्वा श्रवणसुभगं गर्जितं मानसोत्काः ।
आ कैलासात्+विसकिसलयच्छेदपाथेयवन्तः       सम्पत्स्यन्ते नभसि भवतः राजहंसाः सहायाः ॥ ११॥",,यद् गर्जितं महीम् उच्छिलीन्ध्राम् अवन्ध्यां च कर्तुं प्रभवति  तत् श्रवणसुभगं ते गर्जितं श्रुत्वा मानसोत्काः विसकिसलयच्छेदपाथेयवन्तः राजहंसाः नभसि भवतः आकैलासात् सहायाः सम्पत्स्यन्ते I,
sloka12,"आपृच्छस्व प्रियसखममुं तुङ्गमालिङ्ग्य शैलं
वन्द्यैः पुंसां रघुपतिपदैरङ्कितं मेखलासु ।
काले काले भवति भवतो यस्य संयोगमेत्य
स्नेहव्यक्तिश्चिरविरहजं मुञ्चतो वाष्पमुष्णम् ॥ १२॥","आपृच्छस्व प्रियसखम्+अमुम् तुङ्गम्+आलिङ्ग्य शैलं
वन्द्यैः पुंसां रघुपतिपदैः+अङ्कितं मेखलासु ।
काले काले भवति भवतः यस्य संयोगम्+एत्य
स्नेहव्यक्तिः+चिरविरहजं मुञ्चत: वाष्पम्+उष्णम् ॥ १२॥",,प्रियसखं तुङ्गं पुंसां वन्द्यैः रघुपतिपदैः मेखलासु अङ्कितम् अमुं शैलं आलिङ्ग्य आपृच्छस्व काले काले भवतः संयोगम् एत्य चिरविरहजं उष्णं बाष्पं मुञ्चतः यस्य स्नेहव्यक्तिः भवति I                                                                                                                                                                                                                                                                                                                                                                                                                         ,
sloka13,"मार्गं तावच्छृणु कथयतस्त्वत्प्रयाणानुरूपं
संदेशं मे तदनु जलद श्रोष्यसि श्रोत्रपेयम् ।
खिन्नः खिन्नः शिखरिषु पदं न्यस्य गन्तासि यत्र
 क्षीणः क्षीणः परिलघु पयः स्रोतसां चोपभुज्य ॥ १३॥","मार्गं तावत्+शृणु कथयतः+त्वत्प्रयाणानुरूपं
संदेशं मे तदनु जलद श्रोष्यसि श्रोत्रपेयम् ।
खिन्नः खिन्नः शिखरिषु पदं न्यस्य गन्तासि यत्र
 क्षीणः क्षीणः परिलघु पयः स्रोतसाम्+च+उपभुज्य ॥ १३॥",,मार्गं तावत् शृणु कथयतः त्वत्प्रयाणानुरूपं तदनु श्रोत्रपेयं मे संदेशं श्रोष्यसि यत्र खिन्नः खिन्नः शिखरिषु ‍पदं न्यस्य क्षीणः क्षीणः स्रोतसां परिलघु पयः च उपभुज्य गन्तासि।,
sloka14,"अद्रेः श‍ृङ्गं हरति पवनः किंस्विदित्युन्मुखीभिर्
दृष्टोत्साहश्चकितचकितं मुग्धसिद्धाङ्गनाभिः ।
स्थानादस्मात्सरसनिचुलादुत्पतोदङ्मुखः खं
दिङ्नागानां पथि परिहरन्स्थूलहस्तावलेपान् ॥ १४॥","अद्रेः श‍ृङ्गं हरति पवनः किंस्वित्+इति+उन्मुखीभिः+
दृष्टोत्साहः+चकितचकितं मुग्धसिद्धाङ्गनाभिः।
स्थानाद्+अस्मात्+सरसनिचुलात्+उत्पत+उदङ्मुखः खं
दिङ्नागानां पथि परिहरन्+स्थूलहस्तावलेपान् ॥ १४॥",,पवन: अद्रेः शृङ्गं हरति किंस्वित् इति उन्मुखीभिः मुग्धसिद्धाङ्गनाभिः चकितचकितं दृष्टोत्साहः सरसनिचुलात् अस्मात् स्थानाद् पथि दिङ्नागानां स्थूलहस्तावलेपान् परिहरन् उदङ्मुखः खम् उत्पत।,
sloka15,"रत्नच्छायाव्यतिकर इव प्रेक्ष्यमेतत्पुरस्ताद्
वल्मीकाग्रात्प्रभवति धनुःखण्डमाखण्डलस्य ।
येन श्यामं वपुरतितरां कान्तिमापत्स्यते ते
बर्हणेव स्फुरितरुचिना गोपवेषस्य विष्णोः ॥ १५॥","रत्नच्छायाव्यतिकर इव प्रेक्ष्यम्+एतत्+पुरस्ताद्
वल्मीकाग्रात्+प्रभवति धनुःखण्डम्+आखण्डलस्य।
येन श्यामं वपुः+अतितरां कान्तिम्+आपत्स्यते ते
बर्हेण+इव स्फुरितरुचिना गोपवेषस्य विष्णोः ॥ १५॥",,रत्नच्छायाव्यतिकर इव प्रेक्ष्यं आखण्डलस्य एतत् धनुःखण्डं पुरस्तात्        वल्मीकाग्रात् प्रभवति येन ते श्यामं  वपुः स्फुरितरुचिना बर्हेण गोपवेषस्य विष्णोः  इव अतितरां कान्तिम् आपत्स्यते I                                                                                                                                                                                                                                                                                                                                                                                                               ,
sloka16,"त्वय्यायत्तं कृषिफलमिति भ्रूविलासानभिज्ञैः
प्रीतिस्निग्धैर्जनपदवधूलोचनैः पीयमानः ।
सद्यःसीरोत्कषणसुरभि क्षेत्रमारुह्य मालं
किंचित्पश्चाद्व्रज लघुगतिर्भूय एवोत्तरेण ॥ १६॥","त्वयि+आयत्तं कृषिफलम्+इति भ्रूविलासानभिज्ञैः
प्रीतिस्निग्धैः+जनपदवधूलोचनैः पीयमानः ।
सद्यःसीरोत्कषणसुरभि क्षेत्रम्+आरुह्य मालं
किंचित्+पश्चात्+व्रज लघुगतिः+भूय एव+उत्तरेण ॥ १६॥",,कृषिफलं त्वयि आयत्तं इति प्रीतिस्निगधैः भ्रूविलासानभिज्ञैः जनपदवधूलोचनैः पीयमानः मालं क्षेत्रं  सद्यः सीरोत्कषणसुरभिः आरुह्य किंचित् पश्चात् लघुगतिः भूयः उत्तरेण व्रज।                                                                                                                                                                                                                                                                                                                                                                                                          ,
sloka17,"त्वामासारप्रशमितवनोपप्लवं साधु मूर्ध्ना
वक्ष्यत्यध्वश्रमपरिगतं सानुमानाम्रकूटः ।
न क्षुद्रोपि प्रथमसुकृतापेक्षया संश्रयाय
प्राप्ते मित्रे भवति विमुखः किं पुनर्यस्तथोच्चैः ॥ १७॥","त्वाम्+आसारप्रशमितवनोपप्लवं साधु मूर्ध्ना
वक्ष्यति+अध्वश्रमपरिगतं सानुमान्+आम्रकूटः ।
न क्षुद्रः+अपि प्रथमसुकृतापेक्षया संश्रयाय
प्राप्ते मित्रे भवति विमुखः किं पुनः+यः+तथा+उच्चैः ॥ १७॥",,आम्रकूटः सानुमान् आसारप्रशमितवनोपप्लवं अध्वश्रमपरिगतं त्वां साधु मूर्ध्ना वक्ष्यति क्षुद्रः अपि मित्रे संश्रयाय प्राप्ते प्रथमसुकृतापेक्षया विमुखः न भवति यः तथा उच्चैः किं पुनः ।,
sloka18,"छन्नोपान्तः परिणतफलद्योतिभिः काननाम्रैः
 त्वय्यारूढे शिखरमचलः स्निग्धवेणीसवर्णे ।
नूनं यास्यत्यमरमिथुनप्रेक्षणीयामवस्थां
 मध्ये श्यामः स्तन इव भुवः शेषविस्तारपाण्डुः ॥ १८॥","छन्नोपान्तः परिणतफलद्योतिभिः काननाम्रैः
त्वयि+आरूढे शिखरम्+अचलः स्निग्धवेणीसवर्णे ।
नूनं यास्यति+अमरमिथुनप्रेक्षणीयाम्+अवस्थां
मध्ये श्यामः स्तन इव भुवः शेषविस्तारपाण्डुः ॥ १८॥",,परिणतफलद्योतिभिः काननाम्रैः छन्नोपान्तः अचलः स्निग्धवेणीसवर्णे त्वयि शिखरम् आरूढे सति मध्ये श्यामः शेषविस्तारपाण्डुः भुवः स्तन इव अमरमिथुनप्रेक्षणीयामवस्थाम् नूनं यास्यति,
sloka19,"स्थित्वा तस्मिन्वनचरवधूभुक्तकुञ्जे मुहूर्तं
तोयोत्सर्गद्रुततरगतिस्तत्परं वर्त्म तीर्णः ।
रेवां द्रक्ष्यस्युपेलविषमे विन्ध्यपादे विशीर्णां
भक्तिच्छेदैरिव विरचितां भूतिमङ्गे गजस्य ॥ १९॥","स्थित्वा तस्मिन्+वनचरवधूभुक्तकुञ्जे मुहूर्तं
तोयोत्सर्गद्रुततरगतिः+तत्परं वर्त्म तीर्णः ।
रेवां द्रक्ष्यसि+उपलविषमे विन्ध्यपादे विशीर्णां
भक्तिच्छेदैः+इव विरचितां भूतिम्+अङ्गे गजस्य ॥ १९॥",,वनचरवधूभुक्तकुञ्जे तस्मिन् मुहूर्तं स्थित्वा तोयोत्सर्गद्रुततरगतिः तत्परं वर्त्म तीर्णः उपलविषमे विन्ध्यपादे विशीर्णां रेवां गजस्य अङ्गे  भक्तिच्छेदैः भूतिम् इव द्रक्ष्यसि,
sloka20,"तस्यास्तिक्तैर्वनगजमदैर्वासितं वान्तवृष्टि-
र्जम्बूकुञ्जप्रतिहतरयं तोयमादाय गच्छेः ।
अन्तःसारं घन तुलयितुं नानिलः शक्ष्यति त्वां
रिक्तः सर्वो भवति हि लघुः पूर्णता गौरवाय ॥ २०।।","तस्याः+तिक्तैः+वनगजमदैः+वासितं वान्तवृष्टि:
जर्म्बूकुञ्जप्रतिहतरयं तोयम्+आदाय गच्छेः ।
अन्तःसारं घन तुलयितुं न+अनिलः शक्ष्यति त्वां
रिक्तः सर्वो भवति हि लघुः पूर्णता गौरवाय ॥ २०।।",,घन वान्तद्रुष्टिः तिक्तैः जम्बूकुञ्जप्रतिहतरयं तोयमादाय गच्छेः अन्तःसारं त्वाम् अनिलः तुलयितुं न शक्ष्यति हि रिक्तः सर्वः लघुः भवति पूर्णता गौरवाय।,
sloka21,"नीपं दृष्ट्वा हरितकपिशं केसरैरर्द्धरुढैः
आविर्भूतप्रथममुकुलाः कन्दलीश्चाऽनुकच्छम् ।
जग्ध्वाऽरण्येष्वधिकसुरभिं गन्धमाघ्राय चोर्व्याः
सारङ्गास्ते जललवमुचः सूचयिष्यन्ति मार्गम् ॥ २१॥","नीपं दृष्ट्वा हरितकपिशं केसरैः+अर्द्धरुढैः
आविर्भूतप्रथममुकुलाः कन्दलीः+च+अनुकच्छम् ।
जग्ध्वा+अरण्येषु+अधिकसुरभिं गन्धम्+आघ्राय च+उर्व्याः
सारङ्गाः+ते जललवमुचः सूचयिष्यन्ति मार्गम् ॥ २१॥",,सारङ्गाः अर्द्धरुढैः केसरैः  हरितकपिशं नीपं दृष्ट्वा अनुकच्छम् आविर्भूतप्रथममुकुलाः कन्दलीः जग्ध्वा अरण्येषु अधिकसुरभिं उर्व्याः गन्धं आघ्राय च जललवमुचः ते मार्गम् सूचयिष्यन्ति ।,
sloka22,"उत्पश्यामि द्रुतमपि सखे मत्प्रियार्थं यियासोः
कालक्षेपं ककुभसुरभौ पर्वते पर्वते ते ।
शुक्लापाङ्गैः सजलनयनैः स्वागतीकृत्य केकाः
प्रत्युद्यातः कथमपि भवान् गन्तुमाशु व्यवस्येत् ॥ २२॥","उत्पश्यामि द्रुतम्+अपि सखे मत्+प्रियार्थं यियासोः
कालक्षेपं ककुभसुरभौ पर्वते पर्वते ते ।
शुक्लापाङ्गैः सजलनयनैः स्वागतीकृत्य केकाः
प्रत्युद्यातः कथम्+अपि भवान् गन्तुम्+आशु व्यवस्येत् ॥ २२॥",,सखे मत्प्रियार्थं द्रुतं यियासो: अपि ते ककुभसुरभौ पर्वते पर्वते कालक्षेपं उत्पश्यामि सजलनयनैः शुक्लापाङ्गैः केकाः स्वागतीकृत्य प्रत्युद्यातः भवान् कथमपि गन्तुं व्यवस्येत्।,
sloka23,"पाण्डुच्छायोपवनवृतयः केतकैः सूचिभिन्नैः
नीडारम्भैर्गृहबलिभुजामाकुलग्रामचैत्याः ।
त्वय्यासन्ने परिणतफलश्यामजम्बूवनान्ताः
संपत्स्यन्ते कतिपयदिनस्थायिहंसा दशार्णाः ॥ २३॥","पाण्डुच्छाया+उपवनवृतयः केतकैः सूचिभिन्नैः
नीडारम्भैः+गृहबलिभुजाम्+आकुलग्रामचैत्याः ।
त्वयि+आसन्ने परिणतफलश्यामजम्बूवनान्ताः
संपत्स्यन्ते कतिपयदिनस्थायिहंसा दशार्णाः ॥ २३॥",,त्वयि आसन्ने दशार्णाः सूचिभिन्नैः केतकैः पाण्डुच्छायोपवनवृदयः गृहबलिभुजां नीडारम्भैः आमकुलग्रामचैत्याः परिणतफलश्यामजम्बूवनान्ताः  कतिपयदिनस्थायिहंसाः संपत्स्यन्ते I,
sloka24,"तेषां दिक्षु प्रथितविदिशालक्षणां राजधानीं
गत्वा सद्यः फलमविकलं कामुकत्वस्य लब्धा ।
तीरोपान्तस्तनितसुभगं पास्यसि स्वादु यस्मा-
त्सभ्रूभङ्गं मुखमिव पयो वेत्रवत्याश्चलोर्मि ॥ २४॥","तेषां दिक्षु प्रथितविदिशालक्षणां राजधानीं
गत्वा सद्यः फलम्+अविकलं कामुकत्वस्य लब्धा ।
तीरोपान्तस्तनितसुभगं पास्यसि स्वादु यस्मात्
सभ्रूभङ्गं मुखम्+इव पय: वेत्रवत्याः+चलोर्मि ॥ २४॥",,दिक्षु प्रथितविदिशालक्षणां तेषां राजधानीं गत्वा सद्यः कामुकत्वस्य अविकलं फलं लब्धा यस्माद् स्वादु चलोर्मि वेत्रवत्याः पयः सभ्रूभङ्गं मुखमिव तीरोपान्तस्तनितसुभगं पास्यति।,
sloka25,"नीचैराख्यं गिरिमधिवसेस्तत्र विश्रामहेतो-
स्त्वत्संपर्कात्पुलकितमिव प्रौढपुष्पैः कदम्बैः ।
यः पण्यस्त्रीरतिपरिमलोद्गारिभिर्नागराणा-
मुद्दामानि प्रथयति शिलावेश्मभिर्यौवनानि ॥ २५॥","नीचैः+आख्यं गिरिम्+अधिवसेः+तत्र विश्रामहेतोः
त्वत्संपर्कात्+पुलकितम्+इव प्रौढपुष्पैः कदम्बैः ।
यः पण्यस्त्रीरतिपरिमलोद्गारिभिः+नागराणाम्
उद्दामानि प्रथयति शिलावेश्मभिः+यौवनानि ॥ २५॥",,तत्र विश्रामहेतोः प्रौढपुष्पैः कदम्बैः त्वत्संपर्कात् पुलकितम् इव नीचैः आख्यं गिरिम् अधिवसेः यः पण्यस्त्रीरतिपरिमलोद्गारिभिः शिलावेश्मभिः नागराणां उद्दामानि यौवनानि प्रथयति।,
sloka26,"विश्रान्तः सन्व्रज वननदीतीरजातानि सिञ्च-
न्नुद्यानानां नवजलकणैर्यूथिकाजालकानि ।
गण्डस्वेदापनयनरुजाक्लान्तकर्णोत्पलानां
छायादानात्क्षणपरिचितः पुष्पलावीमुखानाम् ॥ २६॥","विश्रान्तः सन्+व्रज वननदीतीरजातानि सिञ्चन् 
उद्यानानां नवजलकणैः+यूथिकाजालकानि ।
गण्डस्वेदापनयनरुजाक्लान्तकर्णोत्पलानां
छायादानात्+क्षणपरिचितः पुष्पलावीमुखानाम् ॥ २६॥",,विश्रान्तः सन् तत्र वननदीतीरजातानि उद्यानानां यूथिकाजालकानि नवजलकणैः सिञ्चन् गण्डस्वेदापनयनरुचाक्लान्तकर्णोत्पलानां पुष्पलावीमुखानाम् छायादानात् क्षणपरिचितः सन् व्रज।,
sloka27,"वक्रः पन्था यदपि भवतः प्रस्थितस्योत्तराशां
सौधोत्सङ्गप्रणयविमुखो मा स्म भूरुज्जयिन्याः ।
विद्युद्दामस्फुरितचकितैस्तत्र पौराङ्गनानां
लोलाऽपाङ्गैर्यदि न रमसे लोचनैर्वञ्चितोसि ॥ २७॥","वक्रः पन्था यदपि भवतः प्रस्थितस्य+उत्तराशां
सौधोत्सङ्गप्रणयविमुख: मा स्म भूः+उज्जयिन्याः ।
विद्युद्दामस्फुरितचकितैः+तत्र पौराङ्गनानां
लोलाऽपाङ्गैः+यदि न रमसे लोचनैः+ वञ्चितः+असि ॥ २७॥",,उत्तराशां प्रस्थितस्य भवतः पन्थाः वक्राः यदपि उज्जयिन्याः सौधोत्सङ्गप्रणयिविमुखः मा स्म भूः तत्र विदुद्दामस्फुरिचकितैः  लोलापाङ्गगैः पौराङ्गनानां लोचनैः नेत्रैः न रमसे यदि वञ्चितः असि ।,
sloka28,"वीचिक्षोभस्तनितविहगश्रेणिकाञ्चीगुणायाः
संसर्पन्त्याः स्खलितसुभगं दर्शितावर्तनाभेः ।
निर्विन्ध्यायाः पथि भव रसाभ्यन्तरः सन्निपत्य
स्त्रीणामाद्यं प्रणयवचनं विभ्रमो हि प्रियेषु ॥ २८॥","वीचिक्षोभस्तनितविहगश्रेणिकाञ्चीगुणायाः
संसर्पन्त्याः स्खलितसुभगं दर्शितावर्तनाभेः ।
निर्विन्ध्यायाः पथि भव रसाभ्यन्तरः सन्निपत्य
स्त्रीणाम्+आद्यं प्रणयवचनं विभ्रम: हि प्रियेषु ॥ २८॥",,पथि वीचिक्षोभस्तनितविहगश्रेणिकाञ्चीगुणायाः स्खलितसुभगं संसर्पन्त्याः दर्शितावर्तनाभेः निर्विन्ध्यायाः सन्निपत्य रसाभ्यन्तरः भव। स्त्रीणां प्रियेषु विभ्रमः आद्यं प्रणयवचनं हि।,
sloka29,"वेणीभूतप्रतनुसलिलाऽसावतीतस्यसिन्धुः
पाण्डुच्छाया तटरुहतरुभ्रंशिभिर्जीर्णपर्णैः ।
सौभाग्यं ते सुभगविरहावस्थया व्यञ्जयन्ती
कार्श्यं येन त्यजति विधिना स त्वयैवोपपाद्यः ॥ २९॥","वेणीभूतप्रतनुसलिला+आसौ+अतीतस्य+सिन्धुः
पाण्डुच्छाया तटरुहतरुभ्रंशिभिः+जीर्णपर्णैः ।
सौभाग्यं ते सुभगविरहावस्थया व्यञ्जयन्ती
कार्श्यं येन त्यजति विधिना स त्वया+एव+उपपाद्यः ॥ २९॥",,सुभग वेणीभूतप्रतनुसलिला तटरुहतरुभ्रंशिभिः  जीर्णपर्णैः पाण्डुच्छाया अतीतस्य        विरहावस्थया ते सौभाग्यं व्यञ्जयन्ती स असौ सिन्धुः येन विधिना कार्श्यं त्यजति स विधिः त्वया एव उपपाद्यः।,
sloka30,"प्राप्याऽवन्तीनुदयनकथाकोविदग्रामवृद्धान्
पूर्वोद्दिष्टामनुसर पुरीं श्रीविशालां विशालाम् ।
स्वल्पीभूते सुचरितफले स्वर्गिणां गां गतानां
शेषैः पुण्यैर्हृतमिव दिवः कान्तिमत्खण्डमेकम् ॥ ३०॥","प्राप्य+अवन्तीन्+उदयनकथाकोविदग्रामवृद्धान्
पूर्वोद्दिष्टाम्+अनुसर पुरीं श्रीविशालां विशालाम् ।
स्वल्पीभूते सुचरितफले स्वर्गिणां गां गतानां
शेषैः पुण्यैः+हृतम्+इव दिवः कान्तिमत्+खण्डम्+एकम् ॥ ३०॥",,उदयनकथाकोविदग्रामवृद्धान् अवन्तीन् प्राप्य पूर्वोद्दिष्टां श्रीविशालां विशालां पुरीं अनुसर सुचिरतफले स्वल्पीभूते गां गतानां स्वर्गिणां शेषैःपुण्यैः र्हृतं  दिवः कान्तिमत् एकं खण्डमिव।,
sloka31,"दीर्घीकुर्वन्पटु मदकलं कूजितं सारसानां
प्रत्यूषेषु स्फुटितकमलामोदमैत्रीकषायः ।
यत्र स्त्रीणां हरति सुरतग्लानिमङ्गानुकूलः
शिप्रावातः प्रियतम इव प्रार्थनाचाटुकारः ॥ ३१॥","दीर्घीकुर्वन्+पटु मदकलं कूजितं सारसानां
प्रत्यूषेषु स्फुटितकमलामोदमैत्रीकषायः ।
यत्र स्त्रीणां हरति सुरतग्लानिम्+अङ्गानुकूलः
शिप्रावातः प्रियतम इव प्रार्थनाचाटुकारः ॥ ३१॥",,यत्र प्रत्यूषेषु पटु मदकलं सारसानां कूजितं दीर्घीकुर्वन् स्फुटितकमलामोदमैत्रीकषायअङ्गानुकूलः शिप्रावातः स्त्रीणां सुरतग्लानिं प्रार्थनाचाटुकारः प्रियतम इव हरति I,
sloka32,"जालोद्गीर्णैरुपचितवपुः केशसंस्कारधूपैः
बन्धुप्रीत्या भवनशिखिभिर्दत्तनृत्त्योपहारः ।
हर्म्येष्वस्याः कुसुमसुरभिष्वध्वखेदं नयेथा
लक्ष्मीं पश्यंल्ललितवनितापादरागाङ्कितेषु ॥ ३२॥","जालोद्गीर्णैः+उपचितवपुः केशसंस्कारधूपैः
बन्धुप्रीत्या भवनशिखिभिः+दत्तनृत्त्योपहारः ।
हर्म्येषु+अस्याः कुसुमसुरभिषु+अध्वखेदं नयेथा
लक्ष्मीं पश्यन्+ललितवनितापादरागाङ्कितेषु ॥ ३२॥",,जालोद्गीर्णैः केशसंस्कारधूपैः उपचितवपुः बन्धुप्रीत्या भवनशिखिभिःदत्तनृत्योपहारः कुसुमसुरभिषु ललितवनितापादरागाङ्गितेषु हर्म्येषु अस्याः लक्ष्मीं पश्यन् अध्वखेदं नयेथाः।,
sloka33,"भर्त्तुः कण्ठच्छविरिति गणैः सादरं वीक्ष्यमाणः
पुण्यं यायास्त्रिभुवनगुरोर्धाम चण्डीश्वरस्य ।
धूतोद्यानं कुवलयरजोगन्धिभिर्गन्धवत्यो-
स्तोयक्रीडानिरतयुवतिस्नानतिक्तैर्मरुद्भिः ॥ ३३॥","भर्त्तुः कण्ठच्छविः+इति गणैः सादरं वीक्ष्यमाणः
पुण्यं यायाः+त्रिभुवनगुरोः+धाम चण्डीश्वरस्य ।
धूतोद्यानं कुवलयरजोगन्धिभिः+गन्धवत्याः
तोयक्रीडानिरतयुवतिस्नानतिक्तैः+मरुद्भिः ॥ ३३॥",,भर्तुः कण्ठच्छविःइति गणैः सादरं वीक्ष्यमाणः (सन्) त्रिभुवनगुरोः चण्डीश्वरस्य पुण्यं धाम यायाः कुवलयरजोगन्धिभिः तोयक्रीडानिरतयुवतिस्नानतिक्तैः गन्धवत्याः मरुद्भिः धूतोद्यानं (प्रेक्षणीयम्),
sloka34,"अप्यन्यस्मिञ्जलधर महाकालमासाद्य काले
स्थातव्यं ते नयनविषयं यावदत्येति भानुः ।
कुर्वन्सन्ध्याबलिपटहतां शूलिनः श्लाघनीया-
मामन्द्राणां फलमविकलं लप्स्यसे गर्जितानाम् ॥ ३४॥","अपि+अन्यस्मिन्+जलधर महाकालम्+आसाद्य काले
स्थातव्यं ते नयनविषयं यावद्+अत्येति भानुः ।
कुर्वन्+सन्ध्याबलिपटहतां शूलिनः श्लाघनीयाम्
आमन्द्राणां फलम्+अविकलं लप्स्यसे गर्जितानाम् ॥ ३४॥",,जलधर महाकालं अन्यस्मिन् अपि काले आसाद्य ते स्थातव्यं यावत् भानुः नयनविषयं अत्येति शूलिनः श्लाघनीयां  सन्ध्याबलिपटहतां कुर्वन् आमन्द्राणां गर्जितानाम् अविकलम् फलम् लप्स्यसे I,
sloka35,"पादन्यासैः क्वणितरशनास्तत्र लीलावधूतै
रत्नच्छायाखचितवलिभिश्चामरैः क्लान्तहस्ताः ।
वेश्यास्त्वत्तो नखपदसुखान्प्राप्य वर्षाग्रबिन्दू-
नामोक्ष्यन्ते त्वयि मधुकरश्रेणिदीर्घान्कटाक्षान् ॥ ३५॥","पादन्यासैः क्वणितरशनाः+तत्र लीलावधूतैः
रत्नच्छायाखचितवलिभिः+चामरैः क्लान्तहस्ताः ।
वेश्याः+त्वत्त: नखपदसुखान्+प्राप्य वर्षाग्रबिन्दून्
आमोक्ष्यन्ते त्वयि मधुकरश्रेणिदीर्घान्+कटाक्षान् ॥ ३५॥",,तत्र पादन्यासैः क्वणितरसनाः लीलावधूतैः रत्नछायाखचितबलिभिश्चामरैः क्लान्तहस्ताः वेश्याः त्वत्तः नखपदसुखान् वर्षाग्रबिन्दून् प्राप्य त्वयि मधुकरश्रेणिदीर्घान् कटाक्षान् आमोक्ष्यन्ते I,
sloka36,"पश्चादुच्चैर्भुजतरुवनं मण्डलेनाभिलीनः
सान्ध्यं तेजः प्रतिनवजपापुष्परक्तं दधानः ।
नृत्यारम्भे हर पशुपतेरार्द्रनागाजिनेच्छां
शान्तोद्वेगस्तिमितनयनं दृष्टभक्तिर्भवान्या ॥ ३६॥","पश्चात्+उच्चैः+भुजतरुवनं मण्डलेन+अभिलीनः
सान्ध्यं तेजः प्रतिनवजपापुष्परक्तं दधानः ।
नृत्यारम्भे हर पशुपतेः+आर्द्रनागाजिनेच्छां
शान्तोद्वेगस्तिमितनयनं दृष्टभक्तिः+भवान्या ॥ ३६॥",,पश्चात् पशुपतेः नृत्यारम्भे प्रतिनवजपापुष्परक्तम् सान्ध्यं तेजः दधानः, उच्चैर्भुजतरुवनं मण्डलेन अभिलीनः भवान्याः दृष्टभक्तिः आर्द्रनागाजिनेच्छां हर
sloka37,"गच्छन्तीनां रमणवसतिं योषितां तत्र नक्तं
रुद्धालोके नरपतिपथे सूचिभेद्यैस्तमोभिः ।
सौदामन्या कनकनिकषस्निग्धया दर्शयोर्वी
तोयोत्सर्गस्तनितमुखरो मा स्म भूर्विक्लवास्ताः ॥ ३७॥","गच्छन्तीनां रमणवसतिं योषितां तत्र नक्तं
रुद्धालोके नरपतिपथे सूचिभेद्यैः+तमोभिः ।
सौदामन्या कनकनिकषस्निग्धया दर्शय+उर्वी
तोयोत्सर्गस्तनितमुखर: मा स्म भूः+विक्लवाः+ताः ॥ ३७॥",,तत्र नक्तं रमणवसतिं गच्छन्तीनां योषितां सूचिभेद्यैः तमोभिः रुद्धालोके नरपतिपथे कनकनिकषस्निग्धया सौदामन्या उर्वी दर्शय तोयोत्सर्गस्तनितमुखर: मा स्म भूः ताः  विक्लवाः I,
sloka38,"तां कस्यांचिद् भवनवलभौ सुप्तपारावतायां
नीत्वा रात्रिं चिरविलसनात्खिन्नविद्युत्कलत्रः ।
दृष्टे सूर्ये पुनरपि भवान्वाहयेदध्वशेषं
मन्दायन्ते न खलु सुहृदामभ्युपेतार्थकृत्याः ॥ ३८॥","तां कस्याम्+चित् भवनवलभौ सुप्तपारावतायां
नीत्वा रात्रिं चिरविलसनात्+खिन्नविद्युत्कलत्रः ।
दृष्टे सूर्ये पुन:+अपि भवान्+वाहयेत्+अध्वशेषं
मन्दायन्ते न खलु सुहृदाम्+अभ्युपेतार्थकृत्याः ॥ ३८॥",,चिरविलसनात् खिन्नविद्युत्कलत्रः  भवान् सुप्तवारावतायां कस्यांचित् भवनवलभौ तां रात्रिं नीत्वा सूर्ये दृष्टे पुनरपि अध्वशेषं वाहयेत् सुहृदाम् अभ्युपेतार्थकृत्याः न मन्दायन्ते खलु I,
sloka39,"तस्मिन्काले नयनसलिलं योषितां खण्डितानां
शान्तिं नेयं प्रणयिभिरतो वर्त्म भानोस्त्यजाशु ।
प्रालेयास्त्रं कमलवदनात्सोऽपि हर्तुं नलिन्याः
प्रत्यावृत्तस्त्वयि कररुधि स्यादनल्पाभ्यसूयः ॥ ३९॥","तस्मिन्+काले नयनसलिलं योषितां खण्डितानां
शान्तिं नेयं प्रणयिभिः+अत: वर्त्म भानोः+त्यज+आशु ।
प्रालेयास्त्रं कमलवदनात्+सः+अपि हर्तुं नलिन्याः
प्रत्यावृत्तः+त्वयि कररुधि स्यात्+अनल्पाभ्यसूयः ॥ ३९॥",,तस्मिन् काले प्रणयिभिः खण्डितानां योषितां नयनसलिलं शान्तिं नेयं अतः भानोः वर्त्म आशु त्यज सः अपि नलिन्याः कमलवदनात् प्रालेयास्रं हर्तुं प्रत्यावृत्तः त्वयि कररुधि अनल्पाभ्यसूयः स्यात् I,
sloka40,"गम्भीरायाः पयसि सरितश्चेतसीव प्रसन्ने
छायात्मापि प्रकृतिसुभगो लप्स्यते ते प्रवेशम् ।
तस्मादस्याः कुमुदविशदान्यर्हसि त्वं न धैर्या-
न्मोघीकर्तुं चटुलशफरोद्वर्तनप्रेक्षितानि ॥ ४०॥","गम्भीरायाः पयसि सरितः+चेतसि+इव प्रसन्ने
छायात्मा+अपि प्रकृतिसुभग: लप्स्यते ते प्रवेशम् ।
तस्मात्+अस्याः कुमुदविशदानि+अर्हसि त्वं न धैर्यात्
मोघीकर्तुं चटुलशफरोद्वर्तनप्रेक्षितानि ॥ ४०॥",,गम्भीरायाः सरितः चेतसि इव प्रसन्ने पयसि प्रकृतिसुभगः ते छायात्मा प्रवेशं लप्स्यते तस्मात् अस्याः कुसुमविशदानि चटूलशफरोद्वर्तनप्रेक्षितानि धैर्यात् मोघीकर्तुं त्वं न अर्हसि I,
sloka41,"तस्याः किंचित्करधृतमिव प्राप्तवानीरशाखं
नीत्वा नीलं सलिलवसनं मुक्तरोधोनितम्बम् ।
प्रस्थानं ते कथमपि सखे लम्बमानस्य भावि
ज्ञातास्वादो विवृतजघनां को विहातुं समर्थः ॥ ४१॥","तस्याः किंचित्+करधृतम्+इव प्राप्तवानीरशाखं
नीत्वा नीलं सलिलवसनं मुक्तरोधोनितम्बम् ।
प्रस्थानं ते कथम्+अपि सखे लम्बमानस्य भावि
ज्ञातास्वाद: विवृतजघनां क: विहातुं समर्थः ॥ ४१॥",,"सखे,प्राप्तनीरशाखं किंचित् करधृतमिव मुक्ताशोधनितम्बं नीलं तस्याः सलिलवसनं नीत्वा लम्बमानस्य ते प्रस्थानं कथमपि भावि ज्ञातास्वादः कः विपुलजघनां विहातुम् समर्थः I",
sloka42,"त्वन्निष्यन्दोच्छ्वसितवसुधागन्धसम्पर्करम्यः
स्रोतोरन्ध्रध्वनितसुभगं दन्तिभिः पीयमानः ।
नीचैर्वास्यत्युपजिगमिषोर्देवपूर्वं गिरिं ते
शीतो वायुः परिणमयिता काननोदुम्बराणाम् ॥ ४२ ।।","त्वत्+निष्यन्दोच्छ्वसितवसुधागन्धसम्पर्करम्यः
स्रोतोरन्ध्रध्वनितसुभगं दन्तिभिः पीयमानः ।
नीचैः+वास्यति+उपजिगमिषोः+देवपूर्वं गिरिं ते
शीत: वायुः परिणमयिता काननोदुम्बराणाम् ॥ ४२ ।।",,त्वन्निष्यन्तोच्छ्वसितवसुधागन्धसंपर्करम्यः  स्रोतोरन्ध्रध्वनितसुभगं दन्तिभिः पीयमानः। काननोदुम्बराणां परिणमयिता शीतो वायुः देवपूर्वं गिरिं उपजितगमिषो ते नीचैः वास्यति I,
sloka43,"तत्रस्कन्दं नियतवसतिं पुष्पमेघीकृतात्मा
पुष्पासारैः स्नपयतु भवान्व्योमगङ्गाजलार्द्रैः ।
रक्षाहेतोर्नवशशिभृता वासवीनां चमूनां
अत्यादित्यं हुतवहमुखे संभृतं तद्धि तेजः ॥ ४३॥","तत्रस्कन्दं नियतवसतिं पुष्पमेघीकृतात्मा
पुष्पासारैः स्नपयतु भवान्+व्योमगङ्गाजलार्द्रैः ।
रक्षाहेतोः+नवशशिभृता वासवीनां चमूनां
अत्यादित्यं हुतवहमुखे संभृतं तत्+हि तेजः ॥ ४३॥",,तत्र नियतवसतिं स्कन्दं पुष्पमेधीकृतात्मा व्योमगङ्गाजलार्द्रैः पुष्पासारैः भवान् स्नपयतु तत् वासवीनां चमूनां रक्षाहेतोः नवराशिभृता हुतवहमुखे संभृतं अत्यादित्यं तेजः हि I,
sloka44,"ज्योतिर्लेखावलयि गलितं यस्य बर्हं भवानी
पुत्रप्रेम्णा कुवलयपदप्रापि कर्णे करोति ।
धौतापाङ्गं हरशशिरुचा पावकेस्तं मयूरं
पश्चादद्रिग्रहणगुरुभिर्गर्जितैर्नर्तयेथाः ॥ ४४॥","ज्योतिर्लेखावलयि गलितं यस्य बर्हं भवानी
पुत्रप्रेम्णा कुवलयपदप्रापि कर्णे करोति ।
धौतापाङ्गं हरशशिरुचा पावकेः+तं मयूरं
पश्चात्+अद्रिग्रहणगुरुभिः+गर्जितैः+नर्तयेथाः ॥ ४४॥",,ज्योतिर्लेखावलयि गलितं        यस्य बर्हं भवानी         पुत्रप्रेम्णा कुवलयदलप्रापि कर्णे करोति हरशशिरुचा धौतापाङ्गं पावकेः तं मयूरं पश्चात्  अद्रिग्रहणगुरुभिः        गर्जितैः नर्तयेथाः I,
sloka45,"आराध्यैनं शरवणभवं देवमुल्लङ्घिताध्वा
सिद्धद्वन्द्वैर्जलकणभयाद्वीणिभिर्मुक्तमार्गः ।
व्यालम्बेथाः सुरभितनयालम्भजां मानयिष्यन्
स्रोतोमूर्त्या भुवि परिणतां रन्तिदेवस्य कीर्तिम् ॥ ४५॥","आराध्य+एनं शरवणभवं देवम्+उल्लङ्घिताध्वा
सिद्धद्वन्द्वैः+जलकणभयात्+वीणिभिः+मुक्तमार्गः ।
व्यालम्बेथाः सुरभितनयालम्भजां मानयिष्यन्
स्रोतोमूर्त्या भुवि परिणतां रन्तिदेवस्य कीर्तिम् ॥ ४५॥",, एनं शरवणभवं देवम् आराध्य वीणिभिः सिद्धद्वन्द्वैः जलकणभयात् मुक्तमार्गः (सन्)उल्लङ्घिताध्वा सुरभितनयालम्भजां भुवि स्रोतोमूर्त्या परिणतां रन्तिदेवस्य कीर्तिं  मानयिष्यन् व्यालम्बेथाः I,
sloka46,"त्वय्यादातुं जलमवनते शार्ङ्गिणो वर्णचौरे
तस्याः सिन्धोः पृथुमपि तनुं दूरभावात्प्रवाहम् ।
प्रेक्षिष्यन्ते गगनगतयो नूनमावर्ज्य दृष्टीः
एकं मुक्तागुणमिव भुवः स्थूलमध्येन्द्रनीलम् ॥ ४६॥","त्वयि+आदातुं जलम्+अवनते शार्ङ्गिणो वर्णचौरे
तस्याः सिन्धोः पृथुम्+अपि तनुं दूरभावात्+प्रवाहम् ।
प्रेक्षिष्यन्ते गगनगतय: नूनम्+आवर्ज्य दृष्टीः
एकं मुक्तागुणम्+इव भुवः स्थूलमध्येन्द्रनीलम् ॥ ४६॥",,शार्ङ्गिणः वर्णचोरैःत्वयि जलमादातुम् अवनते (सति) पृथुमपि दूरभावात् तनुं (प्रतीयमानम्) तस्याः सिन्धोः प्रवाहम् गगनगतयः नूनं दृष्टीः आवर्ज्य स्थूलमध्येन्द्रनीलं भुवः एकं मुक्तागुणमिव प्रेक्षिष्यन्ते।        ,
sloka47,"तामुत्तीर्य व्रजपरिचितभ्रूलताविभ्रमाणां
पक्ष्मोत्क्षेपादुपरिविलसत्कृष्णशरप्रभाणाम् ।
कुन्दक्षेपानुगमधुकरश्रीमुषामात्मबिम्बं
पात्रीकुर्वन्दशपुरवधूनेत्रकौतूहलानाम् ॥ ४७॥","ताम्+उत्तीर्य व्रजपरिचितभ्रूलताविभ्रमाणां
पक्ष्मोत्क्षेपात्+उपरिविलसत्कृष्णशरप्रभाणाम् ।
कुन्दक्षेपानुगमधुकरश्रीमुषाम्+आत्मबिम्बं
पात्रीकुर्वन्+दशपुरवधूनेत्रकौतूहलानाम् ॥ ४७॥",,तामुत्तीर्य परिचितभ्रूलताविभ्रमाणं पक्ष्मोत्क्षेपात् उपरिविलसत्कृष्णशरप्रभाणाम् कुन्दक्षेपानुगमधुरश्रीमुषां शोभापहृतानां दशपुरवधूनेत्रकौतूहलानाम् आत्मबिम्बं पात्रीकुर्वन् व्रज।,
sloka48,"ब्रह्मावर्तं जनपदमथश्छायया गाहमानः
क्षेत्रं क्षत्रप्रधनपिशुनं कौरवं तद्भजेथाः ।
राजन्यानां शितशरशतैर्यत्र गाण्डीवधन्वा
धारापातैस्त्वमिव कमलान्यभ्यवर्षन्मुखानि ॥ ४८॥","ब्रह्मावर्तं जनपदम्+अथ+छायया गाहमानः
क्षेत्रं क्षत्रप्रधनपिशुनं कौरवं तत्+भजेथाः ।
राजन्यानां शितशरशतैः+यत्र गाण्डीवधन्वा
धारापातैः+त्वम्+इव कमलानि+अभ्यवर्षत्+मुखानि ॥ ४८॥",,अथ ब्रह्मावर्तं जनपदं (देवनिर्मितं देशं ब्रह्मावर्तः इति विश्वासः) छायया गाहमानः क्षत्रप्रधानपिशुनं तत् कौरवं भजेथाः यत्र गाण्डीवधन्वा सितशरशतैः राजन्यानां मुखानि धारापातैः कमलानि त्वमिव अभ्यवर्षन्।,
sloka49,"हित्वा हालामभिमतरसं रेवतीलोचनाङ्कां
बन्धुप्रीत्या समरविमुखो लाङ्गली याः सिषेवे ।
कृत्वा तासामभिगममपां सौम्य सारस्वतीनाम्
अन्तःशुद्धस्त्वमपि भविता वर्णमात्रेण कृष्णः ॥ ४९॥","हित्वा हालाम्+अभिमतरसं रेवतीलोचनाङ्कां
बन्धुप्रीत्या समरविमुख:लाङ्गली याः सिषेवे ।
कृत्वा तासाम्+अभिगमम्+अपां सौम्य सारस्वतीनाम्
अन्तःशुद्धः+त्वम्+अपि भविता वर्णमात्रेण कृष्णः ॥ ४९॥",,बन्धुप्रीत्या समरविमुखः लाङ्गली अभिमतरसां रेवतीलोचनाङ्कां हालां हित्वा त्यक्त्वा याः सिषेवे सौम्य त्वं तासां सारस्वतीनाम् अपां, अभिगमम् अन्तःशुद्धः भविता वर्णमात्रेण कृष्णः।
sloka50,"तस्माद्गच्छेरनुकनखलं शैलराजावतीर्णां
जह्नोः कन्यां सगरतनयस्वर्गसोपानपङ्क्तिम् ।
गौरीवक्त्रभ्रुकुटिरचनां या विहस्येव फेनैः
शंभोः केशग्रहणमकरोदिन्दुलग्नोर्मिहस्ता ॥ ५०॥","तस्मात्+गच्छेः+अनुकनखलं शैलराजावतीर्णां
जह्नोः कन्यां सगरतनयस्वर्गसोपानपङ्क्तिम् ।
गौरीवक्त्रभ्रुकुटिरचनां या विहस्य+इव फेनैः
शंभोः केशग्रहणम्+अकरोत्+इन्दुलग्नोर्मिहस्ता ॥ ५०॥",,तस्मात् अनुकनखलं शैलराजावतीर्णां सगरतनयस्वर्गसोपानपङ्क्तीं जह्नोः कन्यां गच्छेः या गौरीवक्त्रभ्रूकुटीरचनां फेनैः विहस्य इव इन्दुलग्नोर्मिहस्ता केशग्रहणम् अकरोत्।,
sloka51,"तस्याः पातुं सुरगज इव व्योम्नि पश्चार्धलम्बी
त्वं चेदच्छस्फटिकविशदं तर्कयेस्तिर्यगम्भः ।
संसर्पन्त्याः सपदि भवतः स्रोतसि छाययासौ
स्यादस्थानोपगतयमुनासङ्गमेवाभिरामा ॥ ५१॥","तस्याः पातुं सुरगज इव व्योम्नि पश्चार्धलम्बी
त्वं चेत्+अच्छस्फटिकविशदं तर्कयेः+तिर्यक्+अम्भः ।
संसर्पन्त्याः सपदि भवतः स्रोतसि छायया+असौ
स्यात्+अस्थानोपगतयमुनासङ्गमा+इव+अभिरामा ॥ ५१॥",,सुरगज इव पश्चार्धलम्बी व्योम्नि अच्छस्फटिकविशदं तस्याः अम्भः तिर्यक् पातुं त्वं तर्कयेः चेत् सपदि स्रोतसि संसर्पन्त्याः भवतः छायया असौ अस्थानोपगतयमुनासङ्गमा इव अभिरामा स्यात्।,
sloka52,"आसीनानां सुरभितशिलं नाभिगन्धैर्मृगाणां
तस्या एव प्रभवमचलं प्राप्य गौरं तुषारैः ।
वक्ष्यस्यऽध्वश्रमविनयने तस्य श‍ृङ्गे निषण्णः
शोभां शुभ्रत्रिनयनवृषोत्खातपङ्कोपमेयाम् ॥ ५२॥","आसीनानां सुरभितशिलं नाभिगन्धैः+मृगाणां
तस्या एव प्रभवम्+अचलं प्राप्य गौरं तुषारैः ।
वक्ष्यसि+अध्वश्रमविनयने तस्य श‍ृङ्गे निषण्णः
शोभां शुभ्रत्रिनयनवृषोत्खातपङ्कोपमेयाम् ॥ ५२॥",,आसीनानाम् मृगाणां नाभिगन्धैः सुरभितशिलं तस्याः एव प्रभवम् तुषारैः गौरम् अचलं प्राप्य अध्वश्रमविनयने तस्य शृङ्गे निषण्णः (सन्) शुभ्रत्रिनयनवृषोत्खातपङ्कोपमेयां शोभाम् वक्ष्यसि।,
sloka53,"तं चेद्वायौ सरति सरलस्कन्धसङ्घट्टजन्मा
बाधेतोल्काक्षपितचमरीबालभारो दवाग्निः ।
अर्हस्येनं शमयितुमलं वारिधारासहस्रैः
आपन्नार्तिप्रशमनफला सम्पदो ह्युत्तमानाम् ॥ ५३॥","तं चेत्+वायौ सरति सरलस्कन्धसङ्घट्टजन्मा
बाधेत+उल्काक्षपितचमरीबालभार: दवाग्निः ।
अर्हसि+एनं शमयितुम्+अलं वारिधारासहस्रैः
आपन्नार्तिप्रशमनफला सम्पद: हि+उत्तमानाम् ॥ ५३॥",,वायौ सरसि सरलस्कन्धसंघट्टजन्मा उत्काक्षपतिचमरी बालभारः दवाग्निः  तं बाधेत चेत् एनं वारिधारासहस्रैः अलं शमयितुम् अर्हसि हि उत्तमानां सम्पदः आपन्नर्तिं प्रशमनफलाः।,
sloka54,"ये संरम्भोत्पतनरभसाः स्वाङ्गभङ्गाय तस्मिन्
मुक्ताध्वानं सपदि शरभा लङ्घयेयुर्भवन्तम् ।
तान्कुर्वीथास्तुमुलकरकावृष्टिपातावकीर्णान्
के वा न स्युः परिभवपदं निष्फलारम्भयत्नाः ॥ ५४॥","ये संरम्भोत्पतनरभसाः स्वाङ्गभङ्गाय तस्मिन्
मुक्ताध्वानं सपदि शरभा लङ्घयेयुः+भवन्तम् ।
तान्+कुर्वीथाः+तुमुलकरकावृष्टिपातावकीर्णान्
के वा न स्युः परिभवपदं निष्फलारम्भयत्नाः ॥ ५४॥",,तस्मिन् संरम्भोत्पन्नरभसाः ये शरभाः मुक्ताध्वानं भवन्तम् सपदि स्वाङ्गभङ्गाय लङ्घयेयुः तान् तुमुलकरकावृष्टिपातावकीर्णान् कुर्वीथाः निष्फलारम्भयत्नाः के वा परिभवपदं न स्युः।,
sloka55,"तत्र व्यक्तं दृषदि चरणन्यासमर्धेन्दुमौलेः
शश्वत्सिद्धैरुपचितबलिं भक्तिनम्रः परीयाः ।
यस्मिन्दृष्टे करणविगमादूर्ध्वमुद्धूतपापाः
संकल्पन्ते स्थिरगणपदप्राप्तये श्रद्दधानाः ॥ ५५॥","तत्र व्यक्तं दृषदि चरणन्यासम्+अर्धेन्दुमौलेः
शश्वत्+सिद्धैः+उपचितबलिं भक्तिनम्रः परीयाः ।
यस्मिन्+दृष्टे करणविगमात्+ऊर्ध्वम्+उद्धूतपापाः
संकल्पन्ते स्थिरगणपदप्राप्तये श्रद्दधानाः ॥ ५५॥",,तत्र दृषति व्यक्तं शश्वत् सिद्धैः उपचितबलिं अर्धेन्द्रमौलेःचरणन्यासं भक्तिनम्रः परीयाः यस्मिन्दृष्टे उद्धूतपापाः श्रद्धधानाः करणविगमात् ऊर्ध्वं स्थिरगणपदप्राप्तये संकल्पन्ते।,
sloka56,"शब्दायन्ते मधुरमनिलैः कीचकाः पूर्यमाणाः
संसक्ताभिस्त्रिपुरविजयो गीयते किंनरीभिः ।
निर्ह्रादस्ते मुरज इव चेत्कन्दरेषु ध्वनिः स्यात्
सङ्गीतार्थो ननु पशुपतेस्तत्र भावी समग्रः ॥ ५६॥","शब्दायन्ते मधुरम्+अनिलैः कीचकाः पूर्यमाणाः
संसक्ताभिः+त्रिपुरविजय: गीयते किंनरीभिः ।
निर्ह्रादः+ते मुरज इव चेत्+कन्दरेषु ध्वनिः स्यात्
सङ्गीतार्थ: ननु पशुपतेः+तत्र भावी समग्रः ॥ ५६॥",,(मेघ) अनिलैः पूर्यमाणाः कीचकाः मधुरं शब्दायन्ते संसक्ताभिःकिन्नरीभिः त्रिपुरविजयः गीयते कन्दरेषु ते निर्ह्रादः मुरजे ध्वनिरिव स्यात् तत्र पशुपतेः समग्रः संगीतार्थः भावी ननु।,
sloka57,"प्रालेयाद्रेरुपतटमतिक्रम्य तांस्तान्विशेषान्
हंसद्वारं भृगुपतियशोवर्त्म यत्क्रौञ्चरन्ध्रम् ।
तेनोदीचीं दिशमनुसरेस्तिर्यगायामशोभि
श्यामः पादो बलिनियमनाभ्युद्यतस्येव विष्णोः ॥ ५७॥","प्रालेयाद्रेः+उपतटम्+अतिक्रम्य तान्+तान्+विशेषान्
हंसद्वारं भृगुपतियशोवर्त्म यत्+क्रौञ्चरन्ध्रम् ।
तेन+उदीचीं दिशम्+अनुसरेः+तिर्यगायामशोभि
श्यामः पाद: बलिनियमनाभ्युद्यतस्य+इव विष्णोः ॥ ५७॥",,प्रालेयाद्रेः उपतटं तान् तान् विशेषान् अतिक्रम्य हंसद्वारं भृगुपतियशोवर्त्म यत् क्रौञ्चरन्ध्रम्        तेन बलिनियमनाभ्युद्यतस्य विष्णोः श्यामः पादः  इव तिर्यगायामशोभि उदीचीं दिशम् अनुसरेः।,
sloka58,"गत्वा चोर्ध्वं दशमुखभुजोच्छ्वासितप्रस्थसंधेः
कैलासस्य त्रिदशवनितादर्पणस्यातिथिः स्याः ।
श‍ृङ्गोच्छ्रायैः कुमुदविशदैर्यो वितत्य स्थितः खं
राशीभूतः प्रतिदिनमिव त्र्यम्बकस्याट्टहासः ॥ ५८॥","गत्वा च+उर्ध्वं दशमुखभुजोच्छ्वासितप्रस्थसंधेः
कैलासस्य त्रिदशवनितादर्पणस्य+अतिथिः स्याः ।
श‍ृङ्गोच्छ्रायैः कुमुदविशदैः+यः वितत्य स्थितः खं
राशीभूतः प्रतिदिनम्+इव त्र्यम्बकस्य+अट्टहासः ॥ ५८॥",,(पुनः) ऊर्ध्वं च गत्वा दशमुखभुजोच्छ्वासितप्रस्थसंधेः त्रिदशवनितादर्पणस्य कैलासस्य अतिथिः स्याः यः कुमुदविशदैः शृङ्गोच्छ्रायैः खं वितत्य प्रतिदिनं राशीभूतः त्र्यम्बकस्य अदृहासः इव।,
sloka59,"उत्पश्यामि त्वयि तटगते स्निग्धभिन्नाञ्जनाभे
सद्यःकृत्तद्विरददशनच्छेदगौरस्य तस्य ।
शोभामद्रेः स्तिमितनयनप्रेक्षणीयां भवित्रीम्
अंसन्यस्ते सति हलभृतो मेचके वाससीव ॥ ५९॥","उत्पश्यामि त्वयि तटगते स्निग्धभिन्नाञ्जनाभे
सद्यःकृत्तद्विरददशनच्छेदगौरस्य तस्य ।
शोभाम्+अद्रेः स्तिमितनयनप्रेक्षणीयां भवित्रीम्
अंसन्यस्ते सति हलभृतो मेचके वाससि+इव ॥ ५९॥",,स्निग्धभिन्नञ्जनाभे त्वयि ततगते सद्यः कृत्तद्विरददशनच्छेदगौरस्य अद्रेः तस्य मेचके वाससि असंन्यस्ते  सति हलभृत इव स्तिमितनयनप्रेक्षणीयां शोभाम् भवित्रीम् उत्पश्यामि।,
sloka60,"हित्वा तस्मिन्भुजगवलयं शंभुना दत्तहस्ता
क्रीडाशैले यदि च विचरेत्पादचारेण गौरी ।
भङ्गीभक्त्या विरचितवपुस्तम्भितान्तर्जलौघः
सोपानत्वं कुरु मणितटारोहणायाग्रयायी ॥ ६०॥","हित्वा तस्मिन्+भुजगवलयं शंभुना दत्तहस्ता
क्रीडाशैले यदि च विचरेत्+पादचारेण गौरी ।
भङ्गीभक्त्या विरचितवपुः+स्तम्भितान्तर्जलौघः
सोपानत्वं कुरु मणितटारोहणायाग्रयायी ॥ ६०॥",,तस्मिन् क्रीडाशैले शम्भुना भुजगवलयं हित्वा दत्तहस्ता गौरी पादचारेण विचरेत् चेत् अग्रयायी स्तम्भितान्तर्जलौघः भङ्गीभक्त्या विचरितवपुः मणितटारोहणाय सोपानत्वं कुरु।,
sloka61,"तत्रावश्यं वलयकुलिशोद्धट्टनोद्गीर्णतोयं
नेष्यन्ति त्वां सुरयुवतयो यन्त्रधारागृहत्वम् ।
ताभ्यो मोक्षस्तव यदि सखे घर्मलब्धस्य न स्यात्
क्रीडालोलाः श्रवणपरुषैर्गर्जितैर्भीषयेस्ताः ॥ ६१॥","तत्र+अवश्यं वलयकुलिशोद्धट्टनोद्गीर्णतोयं
नेष्यन्ति त्वां सुरयुवतय: यन्त्रधारागृहत्वम् ।
ताभ्य: मोक्षः+तव यदि सखे घर्मलब्धस्य न स्यात्
क्रीडालोलाः श्रवणपरुषैः+गर्जितैः+ भीषये:+ ता: II ६१॥",,"तत्र अवश्यं सुरयुवतयः वलयकुलिशोद्घट्टनोद्गीर्णतोयं त्वां यन्त्रधारागृहत्वं नेष्यन्ति (हे)सखे,घर्मलब्धस्य तव ताभ्यो मोक्षः न स्यात् यदि क्रीडालोलाः ताः श्रवणपरुषैः गर्जितैः भाययेःI",
sloka62,"हेमाम्भोजप्रसवि सलिलं मानसस्याददानः
कुर्वन्कामं क्षणमुखपटप्रीतिमैरावतस्य ।
धुन्वन्कल्पद्रुमकिसलयान्यंशुकानीव वातैः
नानाचेष्टैर्जलद ललितैर्निर्विशेस्तं नगेन्द्रम् ॥ ६२॥","हेमाम्भोजप्रसवि सलिलं मानसस्य+आददानः
कुर्वन्+कामं क्षणमुखपटप्रीतिम्+ऐरावतस्य ।
धुन्वन्कल्पद्रुमकिसलयानि+अशुकानि+इव वातैः
नानाचेष्टैः+जलद ललितैः+निर्विशे:+तं नगेन्द्रम् ॥ ६२॥",,"हे जलद, हेमाम्भोजप्रसवि मानसस्य सलिलमाददानः ऐरावतस्य क्षणमुखपटप्रीतिं कुर्वन् कल्पद्रुमकिसलयानि अंशुकानि इव वातैः धुन्वन् नानाचेष्टैः ललितैः तं नगेन्द्रं कामं निर्विशेः।",
sloka63,"तस्योत्सङ्गे प्रणयिन इव स्रस्तगङ्गादुकूलां
न त्वं दृष्ट्बा न पुनरलकां ज्ञास्यसे कामचारिन् ।
यावः काले वहति सलिलोद्गारमुच्चैर्विमाना
मुक्ताजालग्रथितमलकं कामिनीवाभ्रवृन्दम् ॥ ६३॥","तस्य+उत्सङ्गे प्रणयिन इव स्रस्तगङ्गादुकूलां
न त्वं दृष्ट्बा न पुनः+अलकां ज्ञास्यसे कामचारिन् ।
यावः काले वहति सलिलोद्गारम्+उच्चैः+विमाना
मुक्ताजालग्रथितम्+अलकं कामिनी+इव+अभ्रवृन्दम् ॥ ६३॥",,"प्रणयिन इव तस्य उत्सङ्गे स्रस्तगङ्गादुकूलां अलकाम् दृष्ट्वा(हे) कामिचारिन्,त्वं पुनः न ज्ञास्यसे न उच्चैः विमाना या वः काले सलिलोद्गारम् अभ्रवृन्दम् कामिनी मुक्ताजालग्रथितं अलकम् इव वहति।",
sloka64,"विद्युत्वन्तं ललितवनिताः सेन्द्रचापं सचित्राः
सङ्गीताय प्रहतमुरजाः स्निग्धगम्भीरघोषम् ।
अन्तस्तोयं मणिमयभुवस्तुङ्गमभ्रंलिहाग्राः
प्रासादास्त्वां तुलयितुमलं यत्र तैस्तैर्विशेषैः ॥६४ ॥","विद्युत्वन्तं ललितवनिताः सेन्द्रचापं सचित्राः
सङ्गीताय प्रहतमुरजाः स्निग्धगम्भीरघोषम् ।
अन्तस्तोयं मणिमयभुव:+तुङ्गम्+अभ्रंलिहाग्राः
प्रासादाः+त्वां तुलयितुम्+अलं यत्र तैः +तैः+विशेषैः ॥६४ ॥",,,
sloka65,"हस्ते लीलाकमलमलके बालकुन्दानुविद्धं
नीता लोध्रप्रसवरजसा पाण्डुतामानने श्रीः ।
चूडापाशे नवकुरबकं चारु कर्णे शिरीषं
सीमन्ते च त्वदुपगमजं यत्र नीपं वधूनाम् ॥ ६५॥","हस्ते लीलाकमलम्+अलके बालकुन्दानुविद्धं
नीता लोध्रप्रसवरजसा पाण्डुताम्+आनने श्रीः ।
चूडापाशे नवकुरबकं चारु कर्णे शिरीषं
सीमन्ते च त्वदुपगमजं यत्र नीपं वधूनाम् ॥ ६५॥",,,
sloka66,"यस्यां यक्षाः सितमणिमयान्येत्य हर्म्यस्थलानि
ज्योतिश्छायाकुसुमरचितान्युत्तमस्त्रीसहायाः ।
आसेवन्ते मधु रतिफलं कल्पवृक्षप्रसूतं
त्वद्गम्भीरध्वनिषु शनकैः पुष्करेष्वाहतेषु ॥६६ ॥","यस्यां यक्षाः सितमणिमयानि+एत्य हर्म्यस्थलानि
ज्योतिश्छायाकुसुमरचितानि+उत्तमस्त्रीसहायाः ।
आसेवन्ते मधु रतिफलं कल्पवृक्षप्रसूतं
त्वद्गम्भीरध्वनिषु शनकैः पुष्करेषु+आहतेषु ॥६६ ॥",,,
sloka67,"मन्दाकिन्याः सलिलशिशिरैः सेव्यमाना मरुद्भिः
मन्दाराणामनुतटरुहां छायया वारितोष्णाः ।
अन्वेष्टव्यैः कनकसिकतमुष्टिनिक्षेपगूढैः
संक्रीडन्ते मणिभिरमरप्रार्थिता यत्र कन्याः ॥ ६७॥","मन्दाकिन्याः सलिलशिशिरैः सेव्यमाना मरुद्भिः
मन्दाराणाम्+अनुतटरुहां छायया वारितोष्णाः ।
अन्वेष्टव्यैः कनकसिकतमुष्टिनिक्षेपगूढैः
संक्रीडन्ते मणिभिः+अमरप्रार्थिता यत्र कन्याः ॥ ६७॥",,,
sloka68,"नीवीबन्धोच्छ्वसितशिथिलं यत्र बिम्बाधराणां
क्षौमं रागादनिभृतकरेष्वाक्षिपत्सु प्रियेषु ।
अर्चिस्तुङ्गानभिमुखमपि प्राप्य रत्नप्रदीपान्
ह्रीमूढानां भवति विफलप्रेरणा चूर्णमुष्टिः ॥६८ ॥","नीवीबन्धोच्छ्वसितशिथिलं यत्र बिम्बाधराणां
क्षौमं रागात्+अनिभृतकरेषु+आक्षिपत्सु प्रियेषु ।
अर्चिः+तुङ्गान्+अभिमुखम्+अपि प्राप्य रत्नप्रदीपान्
ह्रीमूढानां भवति विफलप्रेरणा चूर्णमुष्टिः ॥६८ ॥",,,
sloka69,"नेत्रा नीताः सततगतिना यद्विमानाग्रभूमीः
आलेख्यानां नवजलकणैर्दोषमुत्पाद्यसद्यः ।
शङ्कास्पृष्टा इव जलमुचस्त्वादृशो जालमार्गैः
धूमोद्गारानुकृतिनिपुणा जर्जरा निष्पतन्ति ॥६९ ॥","नेत्रा नीताः सततगतिना यत्+विमानाग्रभूमीः
आलेख्यानां नवजलकणैर्दोषम्+उत्पाद्यसद्यः ।
शङ्कास्पृष्टा इव जलमुचः+त्वादृशाः जालमार्गैः
धूमोद्गारानुकृतिनिपुणा जर्जरा निष्पतन्ति ॥६९ ॥",,,
sloka70,"यत्र स्त्रीणां प्रियतमभुजालिङ्गनोच्छ्वासितानां
अङ्गग्लानिं सुरतजनितां तन्तुजालावलम्बाः ।
त्वत्संरोधापगमविशदैश्चन्द्रपादैर्निशीथे
व्यालुम्पन्ति स्फुटजललवस्यन्दिनश्चन्द्रकान्ताः ॥७० ॥","यत्र स्त्रीणां प्रियतमभुजालिङ्गनोच्छ्वासितानां
अङ्गग्लानिं सुरतजनितां तन्तुजालावलम्बाः ।
त्वत्संरोधापगमविशदैः+चन्द्रपादैः+निशीथे
व्यालुम्पन्ति स्फुटजललवस्यन्दिनः+चन्द्रकान्ताः ॥७० ॥",,,
sloka71,"अक्षय्यान्तर्भवननिधयः प्रत्यहं रक्तकण्ठैः
उद्गायद्भिर्धनपतियशः किंनरैर्यत्र सार्द्धम् ।
वैभ्राजाख्यं विबुधवनितावारमुख्यासहाया
बद्धालापा बहिरुपवनं कामिनो निर्विशन्ति ॥७१ ॥","अक्षय्यान्तर्भवननिधयः प्रत्यहं रक्तकण्ठैः
उद्गायद्भिः+धनपतियशः किंनरैः+यत्र सार्द्धम् ।
वैभ्राजाख्यं विबुधवनितावारमुख्यासहाया
बद्धालापा बहिः+उपवनं कामिनो निर्विशन्ति ॥७१ ॥",,,
sloka72,"गत्युत्कम्पादलकपतितैर्यत्र मन्दारपुष्पैः
पत्रच्छेदैः कनककमलैः कर्णविभ्रंशिभिश्च ।
मुक्ताजालैः स्तनपरिसरश्छिन्नसूत्रैश्च हारैः
नैशो मार्गः सवितुरुदये सूच्यते कामिनीनाम् ॥७२ ॥","गत्युत्कम्पात्+अलकपतितैः+यत्र मन्दारपुष्पैः
पत्रच्छेदैः कनककमलैः कर्णविभ्रंशिभिः+च ।
मुक्ताजालैः स्तनपरिसरश्छिन्नसूत्रैः+च हारैः
नैशो मार्गः सवितुः+उदये सूच्यते कामिनीनाम् ॥७२ ॥",,,
sloka73,"मत्वा देवं धनपतिसखं यत्र साक्षाद् वसन्तं
प्रायश्चापं न वहति भयान्मन्मथः षट्पदज्यम् ।
सभ्रूभङ्गप्रहितनयनैः कामिलक्ष्येष्वमोघैः
तस्यारम्भश्चतुरवनिताविभ्रमैरेवसिद्धः ॥७३ ॥","मत्वा देवं धनपतिसखं यत्र साक्षात्+वसन्तं
प्रायः+चापं न वहति भयात्+मन्मथः षट्पदज्यम् ।
सभ्रूभङ्गप्रहितनयनैः कामिलक्ष्येषु+अमोघैः
तस्य+आरम्भः+चतुरवनिताविभ्रमैः+एव सिद्धः ॥७३ ॥",,,
sloka74,"वासश्चित्रं मधुनयनयोर्विभ्रमादेशदक्षं
पुष्पोभ्देदं सह किसलयैर्भूषणानां विकल्पान् ।
लाक्षारागं चरणकमलन्यासयोग्यं च यस्यां
एकः सूते सकलमबलामण्डनं कल्पवृक्षः ॥७४ ॥","वासः+चित्रं मधुनयनयोः+विभ्रमादेशदक्षं
पुष्पोभ्देदं सह किसलयैः+भूषणानां विकल्पान् ।
लाक्षारागं चरणकमलन्यासयोग्यं च यस्यां
एकः सूते सकलम्+अबलामण्डनं कल्पवृक्षः ॥७४ ॥",,,
sloka75,"तत्रागारं धनपतिगृहानुत्तरेणास्मदीयं
दूराल्लक्ष्यं सुरपतिधनुश्चारुणा तोरणेन ।
यस्योपान्ते कृतकतनयः कान्तया वर्द्धितो मे
हस्तप्राप्यस्तबकनमितो बालमन्दारवृक्षः ॥७५॥","तत्रागारं धनपतिगृहान्+उत्तरेण+अस्मदीयं
दूरात्+लक्ष्यं सुरपतिधनुः+चारुणा तोरणेन ।
यस्य+उपान्ते कृतकतनयः कान्तया वर्द्धित: मे
हस्तप्राप्यस्तबकनमित: बालमन्दारवृक्षः ॥७५॥",,,
sloka76,"वापी चास्मिन्मरकतशिलाबद्धसोपानमार्गा
हैमैश्छन्ना विकचकमलैः स्निग्धवैदूर्यनालैः ।
यस्यास्तोये कृतवसतयो मानसं संनिकृष्टं
नाध्यास्यन्ति व्यपगतशुचस्त्वामभिप्रेक्ष्य हंसाः ॥७६ ॥","वापी च+अस्मिन्मरकतशिलाबद्धसोपानमार्गा
हैमैः+छन्ना विकचकमलैः स्निग्धवैदूर्यनालैः ।
यस्याः+तोये कृतवसतय: मानसं संनिकृष्टं
न+अध्यास्यन्ति व्यपगतशुचः+त्वाम्+अभिप्रेक्ष्य हंसाः ॥७६ ॥",,,
sloka77,"तस्यास्तीरे रचितशिखरः पेशलैरिन्द्रनीलैः
क्रीडाशैलः कनककदलीवेष्टनप्रेक्षणीयः ।
मद्गेहिन्याः प्रिय इति सखे चेतसा कातरेण
प्रेक्ष्योपान्तस्फुरिततडितं त्वां तमेव स्मरामि ॥७७ ॥","तस्याः+तीरे रचितशिखरः पेशलैः+इन्द्रनीलैः
क्रीडाशैलः कनककदलीवेष्टनप्रेक्षणीयः ।
मद्गेहिन्याः प्रिय इति सखे चेतसा कातरेण
प्रेक्ष्य+उपान्तस्फुरिततडितं त्वां तं+एव स्मरामि ॥७७ ॥",,,
sloka78,"रक्ताशोकश्चलकिसलयः केसरश्चात्र कान्तः
प्रत्यासन्नौ कुरबकवृतेर्माधवीमण्डपस्य ।
एकः सख्यास्तव सह मया वामपादाभिलाषी
काङ्क्षत्यन्यो वदनमदिरां दोहदच्छद्मनाऽस्याः ॥७८ ॥","रक्ताशोकः+चलकिसलयः केसरः+च+अत्र कान्तः
प्रत्यासन्नौ कुरबकवृतेः+माधवीमण्डपस्य ।
एकः सख्याः+तव सह मया वामपादाभिलाषी
काङ्क्षति+अन्य: वदनमदिरां दोहदच्छद्मना+अस्याः ॥७८ ॥",,,
sloka79,"तन्मध्ये च स्फटिकफलका काञ्चनी वासयष्टिः
मूले बद्धा मणिभिरनतिप्रौढवंशप्रकाशैः ।
तालैः शिञ्जावलयसुभगैर्नर्तितः कान्तया मे
यामध्यास्ते दिवसविगमे नीलकण्ठः सुहृद्वः ॥७९ ॥","तन्मध्ये च स्फटिकफलका काञ्चनी वासयष्टिः
मूले बद्धा मणिभिः+अनतिप्रौढवंशप्रकाशैः ।
तालैः शिञ्जावलयसुभगै:+नर्तितः कान्तया मे
याम्+अध्यास्ते दिवसविगमे नीलकण्ठः सुहृद्वः ॥७९ ॥",,,
sloka80,"एभिः साधो हृदयनिहितैर्लक्षणैर्लक्षयेथा
द्वारोपान्ते लिखितवपुषौ शङ्खपद्मौ च दृष्ट्वा ।
क्षामच्छायं भवनमधुना मद्वियोगेन नूनं
सूर्यापाये न खलु कमलं पुष्यति स्वामभिख्याम् ॥८० ॥","एभिः साधो हृदयनिहितैः+लक्षणैः+लक्षयेथा
द्वारोपान्ते लिखितवपुषौ शङ्खपद्मौ च दृष्ट्वा ।
क्षामच्छायं भवनम्+अधुना मद्वियोगेन नूनं
सूर्यापाये न खलु कमलं पुष्यति स्वाम्+अभिख्याम् ॥८० ॥",,,
sloka81,"गत्वा सद्यः कलभतनुतां शीघ्रसम्पातहेतोः
क्रीडाशैले प्रथमकथिते रम्यसानौ निषण्णः ।
अर्हस्यन्तर्भवनपतितां कर्तुमल्पाल्पभासं
खद्योतालीविलसितनिभां विद्युदुन्मेषदृष्टिम् ॥८१ ॥","गत्वा सद्यः कलभतनुतां शीघ्रसम्पातहेतोः
क्रीडाशैले प्रथमकथिते रम्यसानौ निषण्णः ।
अर्हसि+अन्तर्भवनपतितां कर्तुम्+अल्पाल्पभासं
खद्योतालीविलसितनिभां विद्युदुन्मेषदृष्टिम् ॥८१ ॥",,,
sloka82,"तन्वी श्यामा शिखरिदशना पक्वबिम्बाधरोष्ठी
मध्ये क्षामा चकितहरिणीप्रेक्षणा निम्ननाभिः ।
श्रोणीभारादलसगमना स्तोकनम्रा स्तनाभ्यां
या तत्र स्याद्युवतिविषये सृष्टिराद्येव धातुः ॥८२ ॥","तन्वी श्यामा शिखरिदशना पक्वबिम्बाधरोष्ठी
मध्ये क्षामा चकितहरिणीप्रेक्षणा निम्ननाभिः ।
श्रोणीभारात्+अलसगमना स्तोकनम्रा स्तनाभ्यां
या तत्र स्यात्+युवतिविषये सृष्टिः+आद्या+इव धातुः ॥८२ ॥",,,
sloka83,"तां जानीथाः परिमितकथां जीवितं मे द्वितीयं
दूरीभूते मयि सहचरे चक्रवाकीमिवैकाम् ।
गाढोत्कण्ठां गुरुषु दिवसेष्वेषु गच्छत्सु बालां
जातां मन्ये शिशिरमथितां पद्मिनीम् वान्यरूपाम् ॥८३ ॥","तां जानीथाः परिमितकथां जीवितं मे द्वितीयं
दूरीभूते मयि सहचरे चक्रवाकीम्+इव+एकाम् ।
गाढोत्कण्ठां गुरुषु दिवसेष+एषु गच्छत्सु बालां
जातां मन्ये शिशिरमथितां पद्मिनीम् व+अन्यरूपाम् ॥८३ ॥",,,
sloka84,"नूनं तस्याः प्रबलरुदितोच्छूननेत्रं प्रियाया
निःश्वासानामशिशिरतया भिन्नवर्णाधरोष्ठम् ।
हस्तन्यस्तं मुखमसकलव्यक्ति लम्बालकत्वाद्
इन्दोर्दैन्यं त्वदनुसरणक्लिष्टकान्तेर्बिभर्ति ॥८४ ॥","नूनं तस्याः प्रबलरुदितोच्छूननेत्रं प्रियाया
निःश्वासानाम्+अशिशिरतया भिन्नवर्णाधरोष्ठम् ।
हस्तन्यस्तं मुखम्+असकलव्यक्ति लम्बालकत्वाद्
इन्दोः+दैन्यं त्वदनुसरणक्लिष्टकान्तेः+विभर्ति ॥८४ ॥",,,
sloka85,"आलोके ते निपतति पुरा सा बलिव्याकुला वा
मत्सादृश्यं विरहतनु वा भावगम्यं लिखन्ती ।
पृच्छन्ती वा मधुरवचनां सारिकां पञ्जरस्थां
कच्चिद्भर्तुः स्मरसि रसिके त्वं हि तस्य प्रियेति ॥८५ ॥","आलोके ते निपतति पुरा सा बलिव्याकुला वा
मत्सादृश्यं विरहतनु वा भावगम्यं लिखन्ती ।
पृच्छन्ती वा मधुरवचनां सारिकां पञ्जरस्थां
कच्चित्+भर्तुः स्मरसि रसिके त्वं हि तस्य प्रिया+इति ॥८५",,,
sloka86,"उत्सङ्गे वा मलिनवसने सोम्य निक्षिप्य वीणां
मद्गोत्राङ्कं विरचितपदं गेयमुद्गातुकामा ।
तन्त्रीमार्द्रां नयनसलिलैः सारयित्वा कथंचिद्
भूयो भूयः स्वयमपि कृतां मूर्च्छनां विस्मरन्ती ॥८६ ॥","उत्सङ्गे वा मलिनवसने सोम्य निक्षिप्य वीणां
मद्गोत्राङ्कं विरचितपदं गेयम्+उद्गातुकामा ।
तन्त्रीम्+आर्द्रां नयनसलिलैः सारयित्वा कथंचिद्
भूयो भूयः स्वयम्+अपि कृतां मूर्च्छनां विस्मरन्ती ॥८६ ॥",,,
sloka87,"शेषान्मासान्विरहदिवसप्रस्थापितस्यावधेर्वा
विन्यस्यन्ती भुवि गणनया देहलीदत्तपुष्पैः ।
मत्सङ्गं वा हृदयनिहितारम्भमास्वादयन्ती
प्रायेणैते रमणविरहेष्वङ्गनानां विनोदाः ॥८७ ॥","शेषान्+मासान्+ विरहदिवसप्रस्थापितस्य+अवधेः+वा
विन्यस्यन्ती भुवि गणनया देहलीदत्तपुष्पैः ।
मत्सङ्गं वा हृदयनिहितारम्भम्+आस्वादयन्ती
प्रायेण+एते रमणविरहेषु+अङ्गनानां विनोदाः ॥८७ ॥",,,
sloka88,"सव्यापारामहनि न तथा पीडयेन्मद्वियोगः
शङ्के रात्रौ गुरुतरशुचं निर्विनोदां सखीं ते ।
मत्संदेशैः सुखयितुमलं पश्य साध्वीं निशीथे
तामुन्निद्रामवनिशयनां सौधवातायनस्थः ॥८८ ॥","सव्यापाराम्+अहनि न तथा पीडयेत्+मद्वियोगः
शङ्के रात्रौ गुरुतरशुचं निर्विनोदां सखीं ते ।
मत्संदेशैः सुखयितुम्+अलं पश्य साध्वीं निशीथे
ताम्+उन्निद्राम्+अवनिशयनां सौधवातायनस्थः ॥८८ ॥",,,
sloka89,"आधिक्षामां विरहशयने संनिषण्णैकपार्श्वां
प्राचीमूले तनुमिव कलामात्रशेषां हिमांशोः ।
नीता रात्रिः क्षण इव मया सार्धमिच्छारतैर्या
तामेवोष्णैर्विरहमहतीमश्रुभिर्यापयन्तीम् ॥८९ ॥","आधिक्षामां विरहशयने संनिषण्णैकपार्श्वां
प्राचीमूले तनुम्+इव कलामात्रशेषां हिमांशोः ।
नीता रात्रिः क्षण इव मया सार्धम्+इच्छारतैः+या
ताम्+एव+उष्णैः+विरहमहतीम्+अश्रुभिः+यापयन्तीम् ॥८९ ॥",,,
sloka90,"पादानिन्दोरमृतशिशिरान् जालमार्गप्रविष्टान्
पूर्वप्रीत्या गतमभिमुखं संनिवृत्तं तथैव ।
चक्षुः खेदात् सलिलगुरुभिः पक्ष्मभिश्छादयन्तीं
साभ्रेऽह्नीव स्थलकमलिनीं न प्रबुद्धां न सुप्ताम् ॥९० ॥","पादान्+इन्दोः+अमृतशिशिरान् जालमार्गप्रविष्टान्
पूर्वप्रीत्या गतम्+अभिमुखं संनिवृत्तं तथा+एव ।
चक्षुः खेदात् सलिलगुरुभिः पक्ष्मभिः+छादयन्तीं
साभ्रेः+अह्नि+इव स्थलकमलिनीं न प्रबुद्धां न सुप्ताम् ॥९० ॥",,,
sloka91,"निःश्वासेनाधरकिसलयक्लेशिना विक्षिपन्तीं
शुद्धस्नानात्परुषमलकं नूनमागण्डलम्बम् ।
मत्संभोगः कथमुपनयेत्स्वप्नजोऽपीति निद्रां
आकाङ्क्षन्तीं नयनसलिलोत्पीडरुद्धावकाशाम् ॥९१ ॥","निःश्वासेन+अधरकिसलयक्लेशिना विक्षिपन्तीं
शुद्धस्नानात्+पुरुषम्+अलकं नूनम्+आगण्डलम्बम् ।
मत्संभोगः कथम्+उपनयेत्+स्वप्नजः+अपि+इति निद्रां
आकाङ्क्षन्तीं नयनसलिलोत्पीडरुद्धावकाशाम् ॥९१ ॥",,,
sloka92,"आद्ये बद्धा विरहदिवसे या शिखा दाम हित्वा
शापस्यान्ते विगलितशुचा तां मयोद्वेष्टनीयाम् ।
स्पर्शक्लिष्टामयमितनखेनासकृत्सारयन्तीं
गण्डाभोगात्कठिनविषमामेकवेणीं करेण ॥९२ ॥","आद्ये बद्धा विरहदिवसे या शिखा दाम हित्वा
शापस्य+अन्ते विगलितशुचा तां मया+उद्वेष्टनीयाम् ।
स्पर्शक्लिष्टाम्+अयमितनखेन+असकृत्सारयन्तीं
गण्डाभोगात्कठिनविषमाम्+एकवेणीं करेण ॥९२ ॥",,,
sloka93,"सा संन्यस्ताभरणमबला पेशलं धारयन्ती
शय्योत्सङ्गे निहितमसकृद्दुःखदुःखेन गात्रम् ।
त्वामप्यस्रं नवजलमयं मोचयिष्यत्यवश्यं
प्रायः सर्वो भवति करुणावृत्तिरार्द्रान्तरात्मा ॥९३ ॥","सा संन्यस्ताभरणम्+अबला पेशलं धारयन्ती
शय्योत्सङ्गे निहितम्+असकृत्+दुःखदुःखेन गात्रम् ।
त्वाम्+अपि+अस्रं नवजलमयं मोचयिष्यति+अवश्यं
प्रायः सर्वो भवति करुणावृत्तिः+आर्द्रान्तरात्मा ॥९३ ॥",,,
sloka94,"जाने सख्यास्तव मयि मनः संभृतस्नेहमस्माद्
इत्थंभूतां प्रथमविरहे तामहं तर्कयामि ।
वाचालं मां न खलु सुभगंमन्यभावः करोति
प्रत्यक्षंन्ते निखिलमचिराद्भ्रातरुक्तं मया यत् ॥ ९४॥","जाने सख्याः+तव मयि मनः संभृतस्नेहम्+अस्मात्
इत्थंभूतां प्रथमविरहे ताम्+अहं तर्कयामि ।
वाचालं मां न खलु सुभगंमन्यभावः करोति
प्रत्यक्षंन्ते निखिलम्+अचिरात्+भ्रातः+उक्तं मया यत् ॥ ९४॥",,,
sloka95,"रुद्धापाङ्गप्रसरमलकैरञ्जनस्नेहशून्यं
प्रत्यादेशादपि च मधुनो विस्मृतभ्रूविलासम् ।
त्वय्यासन्ने नयनमुपरिस्पन्दि शङ्के मृगाक्ष्या
मीनक्षोभाच्चलकुवलयश्रीतुलामेष्यतीति ॥९५ ॥","रुद्धापाङ्गप्रसरम्+अलकैः+अञ्जनस्नेहशून्यं
प्रत्यादेशात्+अपि च मधुन: विस्मृतभ्रूविलासम् ।
त्वयि+आसन्ने नयनम्+उपरिस्पन्दि शङ्के मृगाक्ष्या
मीनक्षोभात्+चलकुवलयश्रीतुलाम्+एष्यति+इति ॥९५ ॥",,,
sloka96,"वामश्चास्याः कररुहपदैर्मुच्यमानो मदीयैः
मुक्ताजालं चिरपरिचितं त्याजितो दैवगत्या ।
संभोगान्ते मम समुचितो हस्तसंवाहनानां
यास्यत्यूरुः सरसकदलीस्तम्भगौरश्चलत्वम् ॥९६॥","वामः+च+अस्याः कररुहपदैः+मुच्यमान: मदीयैः
मुक्ताजालं चिरपरिचितं त्याजित: दैवगत्या ।
संभोगान्ते मम समुचित: हस्तसंवाहनानां
यास्यति+ऊरुः सरसकदलीस्तम्भगौरः+चलत्वम् ॥९६॥",,,
sloka97,"तस्मिन्काले जलद यदि सा लब्धनिद्रासुखा स्याद्
अन्वास्यैनां स्तनितविमुखो याममात्रं सहस्व ।
मा भूदस्याः प्रणयिनि मयि स्वप्नलब्धे कथंचित्
सद्यः कण्ठच्युतभुजलताग्रन्थि गाढोपगूढम् ॥९७ ॥","तस्मिन्+काले जलद यदि सा लब्धनिद्रासुखा स्यात्
अन्वास्य+एनां स्तनितविमुख: याममात्रं सहस्व ।
मा भूत्+अस्याः प्रणयिनि मयि स्वप्नलब्धे कथंचित्
सद्यः कण्ठच्युतभुजलताग्रन्थि गाढोपगूढम् ॥९७ ॥",,,
sloka98,"तामुत्थाप्य स्वजलकणिकाशीतलेनानिलेन
प्रत्याश्वस्तां सममभिनवैर्जालकैर्मालतीनाम् ।
विद्युद्गर्भः स्तिमितनयनां त्वत्सनाथे गवाक्षे
वक्तुं धीर स्तनितवचनैर्मानिनीं प्रक्रमेथाः ॥९८॥","ताम्+उत्थाप्य स्वजलकणिकाशीतलेन+अनिलेन
प्रत्याश्वस्तां समम्+अभिनवैः+जालकैः+मालतीनाम् ।
विद्युद्गर्भः स्तिमितनयनां त्वत्सनाथे गवाक्षे
वक्तुं धीरः स्तनितवचनैः+मानिनीं प्रक्रमेथाः ॥९८॥",,,
sloka99,"भर्तुर्मित्रं प्रियमविधवे विद्धि मामम्बुवाहं
तत्संदेशैर्हृदयनिहितैरागतं त्वत्समीपम् ।
यो वृन्दानि त्वरयति पथि श्राम्यतां प्रोषितानां
 मन्द्रस्निग्धैर्ध्वनिभिरबलावेणिमोक्षोत्सुकानि ॥९९ ॥","भर्तुः+मित्रं प्रियम्+अविधवे विद्धि माम्+अम्बुवाहं
त+संदेशैः+हृदयनिहितैः+आगतं त्वत्समीपम् ।
य: वृन्दानि त्वरयति पथि श्राम्यतां प्रोषितानां
मन्द्रस्निग्धैः+ध्वनिभिः+अबलावेणिमोक्षः+उत्सुकानि ॥९९ ॥",,,
sloka100,"इत्याख्याते पवनतनयं मैथिलीवोन्मुखी सा
त्वामुत्कण्ठोच्छ्वसितहृदया वीक्ष्य संभाव्य चैवम् ।
श्रोष्यत्यस्मात्परमवहिता सौम्य सीमन्तिनीनां
कान्तोदन्तः सुहृदुपनतः सङ्गमात्किंचिदूनः ॥१०० ॥","इति+आख्याते पवनतनयं मैथिलि+इव+उन्मुखी सा
त्वाम्+उत्कण्ठोच्छ्वसितहृदया वीक्ष्य संभाव्य च+एवं   ।
श्रोष्यति+अस्मात्+परमवहिता सौम्य सीमन्तिनीनां
कान्तोदन्तः सुहृत्+उपनतः सङ्गमात्+ किंचित्+ऊनः ॥१०० ॥","एतस्मात्+मां कुशलिनम्+अभिज्ञानदानात्+विदित्वा
मा कौलीनात्+चकितनयने मया+अविश्वासिनी भूः ।
स्नेहान्+आहुः किम्+अपि विरहे ध्वंसिनस्ते त्वभोगाद्
इष्टे वस्तुन्युपचितरसाः प्रेमराशीभवन्ति ॥११२ ॥",,
sloka101,"तामायुष्मन्मम च वचनादात्मनश्चोपकर्तुं
ब्रूयादेवं तव सहचरो रामगिर्याश्रमस्थः ।
अव्यापन्नः कुशलमबले पृच्छति त्वां वियुक्तः
पूर्वाभाष्यं सुलभविपदां प्राणिनामेतदेव ॥१०१ ॥","ताम्+आयुष्मन्+मम च वचनात्+आत्मनः+च+उपकर्तुं
ब्रूयात्+एवं तव सहचर: रामगिर्याश्रमस्थः ।
अव्यापन्नः कुशलम्+अबले पृच्छति त्वां वियुक्तः
पूर्वाभाष्यं सुलभविपदां प्राणिनाम्+एतत्+एव ॥१०१ ॥",,,
sloka102,"अङ्गेनाङ्गं प्रतनु तनुना गाढतप्तेन तप्तं
सास्रेणाश्रुद्रुतमविरतोत्कण्ठमुत्कण्ठितेन ।
उष्णोच्छ्वासं समधिकतरोच्छ्वासिना दूरवर्ती
सङ्कल्पैस्तैर्विशति विधिना वैरिणा रुद्धमार्गः ॥१०२ ॥","अङ्गेन+अङ्गं प्रतनु तनुना गाढतप्तेन तप्तं
सास्रेण+अश्रुद्रुतम्+अविरतोत्कण्ठम्+उत्कण्ठितेन ।
उष्णोच्छ्वासं समधिकतरोच्छ्वासिना दूरवर्ती
सङ्कल्पैः+तैः+विशति विधिना वैरिणा रुद्धमार्गः ॥१०२ ॥",,,
sloka103,"शब्दाख्येयं यदपि किल ते यः सखीनां पुरस्तात्
कर्णे लोलः कथयितुमभूदाननस्पर्शलोभात् ।
सोतिक्रान्तः श्रवणविषयं लोचनाभ्यामदृष्टः
त्वामुत्कण्ठाविरचितपदं मन्मुखेनेदमाह ॥१०३ ॥","शब्दाख्येयं यत्+अपि किल ते यः सखीनां पुरस्तात्
कर्णे लोलः कथयितुम्+अभूत्+आननस्पर्शलोभात् ।
सः+अतिक्रान्तः श्रवणविषयं लोचनाभ्याम्+अदृष्टः
त्वाम्+उत्कण्ठाविरचितपदं मन्मुखेन+इदम्+आह ॥१०३ ॥",,,
sloka104,"श्यामास्वङ्गं चकितहरिणीप्रेक्षणे दृष्टिपातं
वक्त्रच्छायां शशिनि शिखिनां बर्हभारेषु केशान् ।
उत्पश्यामि प्रतनुषु नदीवीचिषु भ्रूविलासान्
हन्तैकस्मिन्क्वचिदपि न ते चण्डि साद्र्श्यमस्ति ॥१०४ ॥","श्यामासु+अङ्गं चकितहरिणीप्रेक्षणे दृष्टिपातं
वक्त्रच्छायां शशिनि शिखिनां बर्हभारेषु केशान् ।
उत्पश्यामि प्रतनुषु नदीवीचिषु भ्रूविलासान्
हन्त+एकस्मिन्+क्वचित्+अपि न ते चण्डि सादृश्यम्+अस्ति॥१०४ ॥",,,
sloka105,"त्वामालिख्य प्रणयकुपितां धातुरागैः शिलायाम्
आत्मानं ते चरणपतितं यावदिच्छामि कर्तुम् ।
अस्रैस्तावन्मुहुरुपचितैर्दृष्टिरालुप्यते मे
क्रूरस्तस्मिन्नपि न सहते सङ्गमं नौ कृतान्तः ॥१०५ ॥","त्वाम्+आलिख्य प्रणयकुपितां धातुरागैः शिलायाम्
आत्मानं ते चरणपतितं यावत्+इच्छामि कर्तुम् ।
अस्रैः+तावन्+मुहुः+उपचितैः+दृष्टिः+आलुप्यते मे
क्रूरः+तस्मिन्+अपि न सहते सङ्गमं नौ कृतान्तः ॥१०५ ॥",,,
sloka106,"मामाकाशप्रणिहितभुजं निर्दयाश्लेषहेतोः
लब्धायास्ते कथमपि मया स्वप्नसंदर्शनेषु ।
पश्यन्तीनां न खलु बहुशो न स्थलीदेवतानां
मुक्तास्थूलास्तरुकिसलयेष्वश्रुलेशाः पतन्ति ॥१०६ ॥","माम्+आकाशप्रणिहितभुजं निर्दयाश्लेषहेतोः
लब्धायाः+ते कथम्+अपि मया स्वप्नसंदर्शनेषु ।
पश्यन्तीनां न खलु बहुश: न स्थलीदेवतानां
मुक्तास्थूलाः+तरुकिसलयेषु+अश्रुलेशाः पतन्ति ॥१०६ ॥",,,
sloka107,"भित्त्वा सद्यः किसलयपुटान्देवदारुद्रुमाणां
ये तत्क्षीरस्रुतिसुरभयो दक्षिणेन प्रवृत्ताः ।
आलिङ्ग्यन्ते गुणवति मया ते तुषाराद्रिवाताः
पूर्वस्पृष्टं यदि किल भवेदङ्गमेभिस्तवेति ॥१०७ ॥","भित्त्वा सद्यः किसलयपुटान्देवदारुद्रुमाणां
ये तत्क्षीरस्रुतिसुरभय: दक्षिणेन प्रवृत्ताः ।
आलिङ्ग्यन्ते गुणवति मया ते तुषाराद्रिवाताः
पूर्वस्पृष्टं यदि किल भवेत्+अङ्गम्+एभिः+तव+इति ॥१०७ ॥",,,
sloka108,"संक्षिप्येत क्षणइव कथं दीर्घयामा त्रियामा
सर्वावस्थास्वहरपि कथं मन्दमन्दातपं स्यात् ।
इत्थं चेतश्चटुलनयने दुर्लभप्रार्थनं मे
गाढोष्माभिः कृतमशरणं त्वद्वियोगव्यथाभिः ॥१०८ ॥","संक्षिप्येत क्षणइव कथं दीर्घयामा त्रियामा
सर्वावस्थासु+अहः+अपि कथं मन्दमन्दातपं स्यात् ।
इत्थं चेतः+चटुलनयने दुर्लभप्रार्थनं मे
गाढोष्माभिः कृतम्+अशरणं त्वद्वियोगव्यथाभिः ॥१०८ ॥",,,
sloka109,"नन्वात्मानं बहु विगणयन्नात्मनैवावलम्बे
तत्कल्याणि त्वमपि नितरां मा गमः कातरत्वम् ।
कस्यात्यन्तं सुखमुपनतं दुःखमेकान्ततो वा
नीचैर्गच्छत्युपरि च दशा चक्रनेमिक्रमेण ॥१०९ ॥","ननु+आत्मानं बहु विगणयन्+आत्मना+एव+अवलम्बे
तत्+कल्याणि त्वम्+अपि नितरां मा गमः कातरत्वम् ।
कस्य+अत्यन्तं सुखम्+उपनतं दुःखम्+एकान्तत: वा
नीचैः+गच्छति+उपरि च दशा चक्रनेमिक्रमेण ॥१०९ ॥",,,
sloka110,"शापान्तो मे भुजगशयनादुत्थिते शार्ङ्गपाणौ
शेषान्मासान्गमय चतुरो लोचने मीलयित्वा ।
पश्चादावां विरहगुणितं तं तमात्माभिलाषं
निर्वेक्ष्यावः परिणतशरच्चन्द्रिकासु क्षपासु ॥११० ॥","शापान्त: मे भुजगशयनात्+उत्थिते शार्ङ्गपाणौ
शेषान्+मासान्+गमय चतुर: लोचने मीलयित्वा ।
पश्चात्+आवां विरहगुणितं तं तम्+आत्माभिलाषं
निर्वेक्ष्यावः परिणतशरच्चन्द्रिकासु क्षपासु ॥११० ॥",,,
sloka111,"भूयश्चाहं त्वमपि शयने कण्ठलग्ना पुरा मे
निद्रां गत्वा किमपि रुदती सखनं  विप्रबुद्धा ।
सान्तर्हासं कथितमसकृत्पृच्छतश्च त्वया मे
द्र्ष्टः स्वप्ने कितव रमयन् कामपि त्वं मयेति ॥१११ ॥","भूयः+च+आहं त्वम्+अपि शयने कण्ठलग्ना पुरा मे
निद्रां गत्वा किम्+अपि रुदती सखनं  विप्रबुद्धा ।
सान्तर्हासं कथितम्+असकृत्+पृच्छतः+च त्वया मे
दृष्टः स्वप्ने कितव रमयन् काम्+अपि त्वं मया+इति ॥१११ ॥",,,
sloka112,"एतस्मान्मां कुशलिनमभिज्ञानदानाद्विदित्वा
मा कौलीनाच्चकितनयने मय्यविश्वासिनी भूः ।
स्नेहानाहुः किमपि विरहे ध्वंसिनस्ते त्वभोगाद्
इष्टे वस्तुन्युपचितरसाः प्रेमराशीभवन्ति ॥११२ ॥","एतस्मात्+मां कुशलिनम्+अभिज्ञानदानात्+विदित्वा
मा कौलीनात्+चकितनयने मया+अविश्वासिनी भूः ।
स्नेहान्+आहुः किम्+अपि विरहे ध्वंसिनः+ते तु+अभोगाद्
इष्टे वस्तुनि+उपचितरसाः प्रेमराशीभवन्ति ॥११२ ॥",,,
sloka113,"आश्वास्यैवं प्रथमविरहोदग्रशोकां सखीं ते
शैलादाशु त्रिनयवृषोत्खातकूटान्निवृत्तः ।
साभिज्ञानप्रहितकुशलैस्तद्वचोभिर्ममापि
प्रातः कुन्दप्रसवशिथिलं जीवितं धारयेथाः ॥११३ ॥","आश्वास्य+एवं प्रथमविरहोदग्रशोकां सखीं ते
शैलात्+आशु त्रिनयवृषोत्खातकूटात्+निवृत्तः ।
साभिज्ञानप्रहितकुशलैः+तद्वचोभिः+मम+अपि
प्रातः कुन्दप्रसवशिथिलं जीवितं धारयेथाः ॥११३ ॥",,,
sloka114,"कच्चित्सौम्य व्यवसितमिदं बन्धुकृत्यं त्वया मे
प्रत्यादेशान्न  खलु भवतो धीरतां कल्पयामि ।
निःशब्दोपि प्रदिशसि जलं याचितश्चातकेभ्यः
प्रत्युक्तं हि प्रणयिषु सतामीप्सितार्थक्रियैव ॥११४ ॥
","कच्चित्+सौम्य व्यवसितम्+इदं बन्धुकृत्यं त्वया मे
प्रत्यादेशात्+न खलु भवतो धीरतां कल्पयामि ।
निःशब्दः+अपि प्रदिशसि जलं याचितः+चातकेभ्यः
प्रत्युक्तं हि प्रणयिषु सताम्+ईप्सितार्थक्रिया+एव ॥११४॥",,,
sloka115,"एतत् कृत्वा प्रियमनुचितप्रार्थनावर्तिनो मे
सौहर्दाद्वा विधुर इति वा मय्यनुक्रोशबुद्ध्या ।
इष्टान्देशान् जलद विचर प्रावृषा संभृतश्रीः
मा भूदेवं क्षणमपि च ते विद्युता विप्रयोगः ॥११५॥","एतत् कृत्वा प्रियम्+अनुचितप्रार्थनावर्तिन: मे
सौहर्दात्+वा विधुर इति वा मयि+अनुक्रोशबुद्ध्या ।
इष्टान्+देशान् जलद विचर प्रावृषा संभृतश्रीः
मा भूत्+एवं क्षणम्+अपि च ते विद्युता विप्रयोगः ॥११५॥",,,
